experiment_id,occurrence,plot_number,design_id,block_type,block_name,block_value,block_level_number,entry_id,design_x,design_y
321546866,654565,1001,1,Replication_Block,Replication,1,1,4,1,1
321546866,654565,1002,1,Replication_Block,Replication,1,1,123,1,2
321546866,654565,1003,1,Replication_Block,Replication,1,1,384,1,3
321546866,654565,1004,1,Replication_Block,Replication,1,1,291,1,4
321546866,654565,1005,1,Replication_Block,Replication,1,1,155,1,5
321546866,654565,1006,1,Replication_Block,Replication,1,1,146,1,6
321546866,654565,1007,1,Replication_Block,Replication,1,1,235,1,7
321546866,654565,1008,1,Replication_Block,Replication,1,1,40,1,8
321546866,654565,1009,1,Replication_Block,Replication,1,1,173,1,9
321546866,654565,1010,1,Replication_Block,Replication,1,1,416,1,10
321546866,654565,1011,1,Replication_Block,Replication,1,1,1,1,11
321546866,654565,1012,1,Replication_Block,Replication,1,1,273,1,12
321546866,654565,1013,1,Replication_Block,Replication,1,1,456,1,13
321546866,654565,1014,1,Replication_Block,Replication,1,1,477,1,14
321546866,654565,1015,1,Replication_Block,Replication,1,1,303,1,15
321546866,654565,1016,1,Replication_Block,Replication,1,1,435,1,16
321546866,654565,1017,1,Replication_Block,Replication,1,1,233,1,17
321546866,654565,1018,1,Replication_Block,Replication,1,1,129,1,18
321546866,654565,1019,1,Replication_Block,Replication,1,1,66,1,19
321546866,654565,1020,1,Replication_Block,Replication,1,1,267,1,20
321546866,654565,1021,1,Replication_Block,Replication,1,1,38,2,1
321546866,654565,1022,1,Replication_Block,Replication,1,1,54,2,2
321546866,654565,1023,1,Replication_Block,Replication,1,1,211,2,3
321546866,654565,1024,1,Replication_Block,Replication,1,1,373,2,4
321546866,654565,1025,1,Replication_Block,Replication,1,1,191,2,5
321546866,654565,1026,1,Replication_Block,Replication,1,1,12,2,6
321546866,654565,1027,1,Replication_Block,Replication,1,1,141,2,7
321546866,654565,1028,1,Replication_Block,Replication,1,1,2,2,8
321546866,654565,1029,1,Replication_Block,Replication,1,1,317,2,9
321546866,654565,1030,1,Replication_Block,Replication,1,1,185,2,10
321546866,654565,1031,1,Replication_Block,Replication,1,1,43,2,11
321546866,654565,1032,1,Replication_Block,Replication,1,1,112,2,12
321546866,654565,1033,1,Replication_Block,Replication,1,1,37,2,13
321546866,654565,1034,1,Replication_Block,Replication,1,1,280,2,14
321546866,654565,1035,1,Replication_Block,Replication,1,1,345,2,15
321546866,654565,1036,1,Replication_Block,Replication,1,1,358,2,16
321546866,654565,1037,1,Replication_Block,Replication,1,1,218,2,17
321546866,654565,1038,1,Replication_Block,Replication,1,1,3,2,18
321546866,654565,1039,1,Replication_Block,Replication,1,1,186,2,19
321546866,654565,1040,1,Replication_Block,Replication,1,1,226,2,20
321546866,654565,1041,1,Replication_Block,Replication,1,1,7,3,1
321546866,654565,1042,1,Replication_Block,Replication,1,1,296,3,2
321546866,654565,1043,1,Replication_Block,Replication,1,1,311,3,3
321546866,654565,1044,1,Replication_Block,Replication,1,1,90,3,4
321546866,654565,1045,1,Replication_Block,Replication,1,1,3,3,5
321546866,654565,1046,1,Replication_Block,Replication,1,1,359,3,6
321546866,654565,1047,1,Replication_Block,Replication,1,1,77,3,7
321546866,654565,1048,1,Replication_Block,Replication,1,1,343,3,8
321546866,654565,1049,1,Replication_Block,Replication,1,1,108,3,9
321546866,654565,1050,1,Replication_Block,Replication,1,1,316,3,10
321546866,654565,1051,1,Replication_Block,Replication,1,1,241,3,11
321546866,654565,1052,1,Replication_Block,Replication,1,1,161,3,12
321546866,654565,1053,1,Replication_Block,Replication,1,1,265,3,13
321546866,654565,1054,1,Replication_Block,Replication,1,1,32,3,14
321546866,654565,1055,1,Replication_Block,Replication,1,1,2,3,15
321546866,654565,1056,1,Replication_Block,Replication,1,1,378,3,16
321546866,654565,1057,1,Replication_Block,Replication,1,1,120,3,17
321546866,654565,1058,1,Replication_Block,Replication,1,1,227,3,18
321546866,654565,1059,1,Replication_Block,Replication,1,1,204,3,19
321546866,654565,1060,1,Replication_Block,Replication,1,1,203,3,20
321546866,654565,1061,1,Replication_Block,Replication,1,1,412,4,1
321546866,654565,1062,1,Replication_Block,Replication,1,1,4,4,2
321546866,654565,1063,1,Replication_Block,Replication,1,1,91,4,3
321546866,654565,1064,1,Replication_Block,Replication,1,1,208,4,4
321546866,654565,1065,1,Replication_Block,Replication,1,1,327,4,5
321546866,654565,1066,1,Replication_Block,Replication,1,1,126,4,6
321546866,654565,1067,1,Replication_Block,Replication,1,1,17,4,7
321546866,654565,1068,1,Replication_Block,Replication,1,1,282,4,8
321546866,654565,1069,1,Replication_Block,Replication,1,1,398,4,9
321546866,654565,1070,1,Replication_Block,Replication,1,1,266,4,10
321546866,654565,1071,1,Replication_Block,Replication,1,1,337,4,11
321546866,654565,1072,1,Replication_Block,Replication,1,1,1,4,12
321546866,654565,1073,1,Replication_Block,Replication,1,1,476,4,13
321546866,654565,1074,1,Replication_Block,Replication,1,1,472,4,14
321546866,654565,1075,1,Replication_Block,Replication,1,1,314,4,15
321546866,654565,1076,1,Replication_Block,Replication,1,1,105,4,16
321546866,654565,1077,1,Replication_Block,Replication,1,1,236,4,17
321546866,654565,1078,1,Replication_Block,Replication,1,1,259,4,18
321546866,654565,1079,1,Replication_Block,Replication,1,1,453,4,19
321546866,654565,1080,1,Replication_Block,Replication,1,1,92,4,20
321546866,654565,1081,1,Replication_Block,Replication,1,1,143,5,1
321546866,654565,1082,1,Replication_Block,Replication,1,1,21,5,2
321546866,654565,1083,1,Replication_Block,Replication,1,1,375,5,3
321546866,654565,1084,1,Replication_Block,Replication,1,1,269,5,4
321546866,654565,1085,1,Replication_Block,Replication,1,1,496,5,5
321546866,654565,1086,1,Replication_Block,Replication,1,1,20,5,6
321546866,654565,1087,1,Replication_Block,Replication,1,1,502,5,7
321546866,654565,1088,1,Replication_Block,Replication,1,1,30,5,8
321546866,654565,1089,1,Replication_Block,Replication,1,1,1,5,9
321546866,654565,1090,1,Replication_Block,Replication,1,1,16,5,10
321546866,654565,1091,1,Replication_Block,Replication,1,1,162,5,11
321546866,654565,1092,1,Replication_Block,Replication,1,1,449,5,12
321546866,654565,1093,1,Replication_Block,Replication,1,1,169,5,13
321546866,654565,1094,1,Replication_Block,Replication,1,1,257,5,14
321546866,654565,1095,1,Replication_Block,Replication,1,1,116,5,15
321546866,654565,1096,1,Replication_Block,Replication,1,1,450,5,16
321546866,654565,1097,1,Replication_Block,Replication,1,1,104,5,17
321546866,654565,1098,1,Replication_Block,Replication,1,1,318,5,18
321546866,654565,1099,1,Replication_Block,Replication,1,1,2,5,19
321546866,654565,1100,1,Replication_Block,Replication,1,1,158,5,20
321546866,654565,1101,1,Replication_Block,Replication,1,1,44,6,1
321546866,654565,1102,1,Replication_Block,Replication,1,1,109,6,2
321546866,654565,1103,1,Replication_Block,Replication,1,1,457,6,3
321546866,654565,1104,1,Replication_Block,Replication,1,1,76,6,4
321546866,654565,1105,1,Replication_Block,Replication,1,1,231,6,5
321546866,654565,1106,1,Replication_Block,Replication,1,1,3,6,6
321546866,654565,1107,1,Replication_Block,Replication,1,1,328,6,7
321546866,654565,1108,1,Replication_Block,Replication,1,1,461,6,8
321546866,654565,1109,1,Replication_Block,Replication,1,1,172,6,9
321546866,654565,1110,1,Replication_Block,Replication,1,1,82,6,10
321546866,654565,1111,1,Replication_Block,Replication,1,1,277,6,11
321546866,654565,1112,1,Replication_Block,Replication,1,1,103,6,12
321546866,654565,1113,1,Replication_Block,Replication,1,1,196,6,13
321546866,654565,1114,1,Replication_Block,Replication,1,1,292,6,14
321546866,654565,1115,1,Replication_Block,Replication,1,1,474,6,15
321546866,654565,1116,1,Replication_Block,Replication,1,1,4,6,16
321546866,654565,1117,1,Replication_Block,Replication,1,1,145,6,17
321546866,654565,1118,1,Replication_Block,Replication,1,1,367,6,18
321546866,654565,1119,1,Replication_Block,Replication,1,1,356,6,19
321546866,654565,1120,1,Replication_Block,Replication,1,1,98,6,20
321546866,654565,1121,1,Replication_Block,Replication,1,1,428,7,1
321546866,654565,1122,1,Replication_Block,Replication,1,1,363,7,2
321546866,654565,1123,1,Replication_Block,Replication,1,1,1,7,3
321546866,654565,1124,1,Replication_Block,Replication,1,1,507,7,4
321546866,654565,1125,1,Replication_Block,Replication,1,1,85,7,5
321546866,654565,1126,1,Replication_Block,Replication,1,1,242,7,6
321546866,654565,1127,1,Replication_Block,Replication,1,1,33,7,7
321546866,654565,1128,1,Replication_Block,Replication,1,1,333,7,8
321546866,654565,1129,1,Replication_Block,Replication,1,1,331,7,9
321546866,654565,1130,1,Replication_Block,Replication,1,1,402,7,10
321546866,654565,1131,1,Replication_Block,Replication,1,1,455,7,11
321546866,654565,1132,1,Replication_Block,Replication,1,1,31,7,12
321546866,654565,1133,1,Replication_Block,Replication,1,1,3,7,13
321546866,654565,1134,1,Replication_Block,Replication,1,1,347,7,14
321546866,654565,1135,1,Replication_Block,Replication,1,1,10,7,15
321546866,654565,1136,1,Replication_Block,Replication,1,1,256,7,16
321546866,654565,1137,1,Replication_Block,Replication,1,1,407,7,17
321546866,654565,1138,1,Replication_Block,Replication,1,1,223,7,18
321546866,654565,1139,1,Replication_Block,Replication,1,1,499,7,19
321546866,654565,1140,1,Replication_Block,Replication,1,1,46,7,20
321546866,654565,1141,1,Replication_Block,Replication,1,1,68,8,1
321546866,654565,1142,1,Replication_Block,Replication,1,1,392,8,2
321546866,654565,1143,1,Replication_Block,Replication,1,1,170,8,3
321546866,654565,1144,1,Replication_Block,Replication,1,1,194,8,4
321546866,654565,1145,1,Replication_Block,Replication,1,1,485,8,5
321546866,654565,1146,1,Replication_Block,Replication,1,1,55,8,6
321546866,654565,1147,1,Replication_Block,Replication,1,1,330,8,7
321546866,654565,1148,1,Replication_Block,Replication,1,1,439,8,8
321546866,654565,1149,1,Replication_Block,Replication,1,1,285,8,9
321546866,654565,1150,1,Replication_Block,Replication,1,1,4,8,10
321546866,654565,1151,1,Replication_Block,Replication,1,1,171,8,11
321546866,654565,1152,1,Replication_Block,Replication,1,1,270,8,12
321546866,654565,1153,1,Replication_Block,Replication,1,1,193,8,13
321546866,654565,1154,1,Replication_Block,Replication,1,1,72,8,14
321546866,654565,1155,1,Replication_Block,Replication,1,1,167,8,15
321546866,654565,1156,1,Replication_Block,Replication,1,1,114,8,16
321546866,654565,1157,1,Replication_Block,Replication,1,1,78,8,17
321546866,654565,1158,1,Replication_Block,Replication,1,1,360,8,18
321546866,654565,1159,1,Replication_Block,Replication,1,1,147,8,19
321546866,654565,1160,1,Replication_Block,Replication,1,1,2,8,20
321546866,654565,1161,1,Replication_Block,Replication,1,1,487,9,1
321546866,654565,1162,1,Replication_Block,Replication,1,1,199,9,2
321546866,654565,1163,1,Replication_Block,Replication,1,1,263,9,3
321546866,654565,1164,1,Replication_Block,Replication,1,1,261,9,4
321546866,654565,1165,1,Replication_Block,Replication,1,1,71,9,5
321546866,654565,1166,1,Replication_Block,Replication,1,1,131,9,6
321546866,654565,1167,1,Replication_Block,Replication,1,1,3,9,7
321546866,654565,1168,1,Replication_Block,Replication,1,1,415,9,8
321546866,654565,1169,1,Replication_Block,Replication,1,1,64,9,9
321546866,654565,1170,1,Replication_Block,Replication,1,1,148,9,10
321546866,654565,1171,1,Replication_Block,Replication,1,1,498,9,11
321546866,654565,1172,1,Replication_Block,Replication,1,1,394,9,12
321546866,654565,1173,1,Replication_Block,Replication,1,1,489,9,13
321546866,654565,1174,1,Replication_Block,Replication,1,1,484,9,14
321546866,654565,1175,1,Replication_Block,Replication,1,1,408,9,15
321546866,654565,1176,1,Replication_Block,Replication,1,1,458,9,16
321546866,654565,1177,1,Replication_Block,Replication,1,1,1,9,17
321546866,654565,1178,1,Replication_Block,Replication,1,1,156,9,18
321546866,654565,1179,1,Replication_Block,Replication,1,1,411,9,19
321546866,654565,1180,1,Replication_Block,Replication,1,1,481,9,20
321546866,654565,1181,1,Replication_Block,Replication,1,1,49,10,1
321546866,654565,1182,1,Replication_Block,Replication,1,1,405,10,2
321546866,654565,1183,1,Replication_Block,Replication,1,1,305,10,3
321546866,654565,1184,1,Replication_Block,Replication,1,1,2,10,4
321546866,654565,1185,1,Replication_Block,Replication,1,1,29,10,5
321546866,654565,1186,1,Replication_Block,Replication,1,1,39,10,6
321546866,654565,1187,1,Replication_Block,Replication,1,1,23,10,7
321546866,654565,1188,1,Replication_Block,Replication,1,1,479,10,8
321546866,654565,1189,1,Replication_Block,Replication,1,1,424,10,9
321546866,654565,1190,1,Replication_Block,Replication,1,1,65,10,10
321546866,654565,1191,1,Replication_Block,Replication,1,1,426,10,11
321546866,654565,1192,1,Replication_Block,Replication,1,1,6,10,12
321546866,654565,1193,1,Replication_Block,Replication,1,1,164,10,13
321546866,654565,1194,1,Replication_Block,Replication,1,1,4,10,14
321546866,654565,1195,1,Replication_Block,Replication,1,1,86,10,15
321546866,654565,1196,1,Replication_Block,Replication,1,1,488,10,16
321546866,654565,1197,1,Replication_Block,Replication,1,1,379,10,17
321546866,654565,1198,1,Replication_Block,Replication,1,1,275,10,18
321546866,654565,1199,1,Replication_Block,Replication,1,1,276,10,19
321546866,654565,1200,1,Replication_Block,Replication,1,1,500,10,20
321546866,654565,1201,1,Replication_Block,Replication,1,1,4,11,1
321546866,654565,1202,1,Replication_Block,Replication,1,1,307,11,2
321546866,654565,1203,1,Replication_Block,Replication,1,1,250,11,3
321546866,654565,1204,1,Replication_Block,Replication,1,1,234,11,4
321546866,654565,1205,1,Replication_Block,Replication,1,1,73,11,5
321546866,654565,1206,1,Replication_Block,Replication,1,1,419,11,6
321546866,654565,1207,1,Replication_Block,Replication,1,1,35,11,7
321546866,654565,1208,1,Replication_Block,Replication,1,1,506,11,8
321546866,654565,1209,1,Replication_Block,Replication,1,1,374,11,9
321546866,654565,1210,1,Replication_Block,Replication,1,1,288,11,10
321546866,654565,1211,1,Replication_Block,Replication,1,1,2,11,11
321546866,654565,1212,1,Replication_Block,Replication,1,1,464,11,12
321546866,654565,1213,1,Replication_Block,Replication,1,1,340,11,13
321546866,654565,1214,1,Replication_Block,Replication,1,1,183,11,14
321546866,654565,1215,1,Replication_Block,Replication,1,1,106,11,15
321546866,654565,1216,1,Replication_Block,Replication,1,1,427,11,16
321546866,654565,1217,1,Replication_Block,Replication,1,1,212,11,17
321546866,654565,1218,1,Replication_Block,Replication,1,1,432,11,18
321546866,654565,1219,1,Replication_Block,Replication,1,1,376,11,19
321546866,654565,1220,1,Replication_Block,Replication,1,1,294,11,20
321546866,654565,1221,1,Replication_Block,Replication,1,1,441,12,1
321546866,654565,1222,1,Replication_Block,Replication,1,1,179,12,2
321546866,654565,1223,1,Replication_Block,Replication,1,1,434,12,3
321546866,654565,1224,1,Replication_Block,Replication,1,1,335,12,4
321546866,654565,1225,1,Replication_Block,Replication,1,1,329,12,5
321546866,654565,1226,1,Replication_Block,Replication,1,1,493,12,6
321546866,654565,1227,1,Replication_Block,Replication,1,1,149,12,7
321546866,654565,1228,1,Replication_Block,Replication,1,1,1,12,8
321546866,654565,1229,1,Replication_Block,Replication,1,1,326,12,9
321546866,654565,1230,1,Replication_Block,Replication,1,1,205,12,10
321546866,654565,1231,1,Replication_Block,Replication,1,1,154,12,11
321546866,654565,1232,1,Replication_Block,Replication,1,1,492,12,12
321546866,654565,1233,1,Replication_Block,Replication,1,1,469,12,13
321546866,654565,1234,1,Replication_Block,Replication,1,1,346,12,14
321546866,654565,1235,1,Replication_Block,Replication,1,1,26,12,15
321546866,654565,1236,1,Replication_Block,Replication,1,1,268,12,16
321546866,654565,1237,1,Replication_Block,Replication,1,1,320,12,17
321546866,654565,1238,1,Replication_Block,Replication,1,1,3,12,18
321546866,654565,1239,1,Replication_Block,Replication,1,1,283,12,19
321546866,654565,1240,1,Replication_Block,Replication,1,1,213,12,20
321546866,654565,1241,1,Replication_Block,Replication,1,1,380,13,1
321546866,654565,1242,1,Replication_Block,Replication,1,1,195,13,2
321546866,654565,1243,1,Replication_Block,Replication,1,1,278,13,3
321546866,654565,1244,1,Replication_Block,Replication,1,1,315,13,4
321546866,654565,1245,1,Replication_Block,Replication,1,1,4,13,5
321546866,654565,1246,1,Replication_Block,Replication,1,1,355,13,6
321546866,654565,1247,1,Replication_Block,Replication,1,1,152,13,7
321546866,654565,1248,1,Replication_Block,Replication,1,1,454,13,8
321546866,654565,1249,1,Replication_Block,Replication,1,1,321,13,9
321546866,654565,1250,1,Replication_Block,Replication,1,1,382,13,10
321546866,654565,1251,1,Replication_Block,Replication,1,1,406,13,11
321546866,654565,1252,1,Replication_Block,Replication,1,1,24,13,12
321546866,654565,1253,1,Replication_Block,Replication,1,1,290,13,13
321546866,654565,1254,1,Replication_Block,Replication,1,1,61,13,14
321546866,654565,1255,1,Replication_Block,Replication,1,1,1,13,15
321546866,654565,1256,1,Replication_Block,Replication,1,1,443,13,16
321546866,654565,1257,1,Replication_Block,Replication,1,1,396,13,17
321546866,654565,1258,1,Replication_Block,Replication,1,1,221,13,18
321546866,654565,1259,1,Replication_Block,Replication,1,1,258,13,19
321546866,654565,1260,1,Replication_Block,Replication,1,1,157,13,20
321546866,654565,1261,1,Replication_Block,Replication,1,1,136,14,1
321546866,654565,1262,1,Replication_Block,Replication,1,1,3,14,2
321546866,654565,1263,1,Replication_Block,Replication,1,1,332,14,3
321546866,654565,1264,1,Replication_Block,Replication,1,1,127,14,4
321546866,654565,1265,1,Replication_Block,Replication,1,1,342,14,5
321546866,654565,1266,1,Replication_Block,Replication,1,1,56,14,6
321546866,654565,1267,1,Replication_Block,Replication,1,1,214,14,7
321546866,654565,1268,1,Replication_Block,Replication,1,1,445,14,8
321546866,654565,1269,1,Replication_Block,Replication,1,1,339,14,9
321546866,654565,1270,1,Replication_Block,Replication,1,1,421,14,10
321546866,654565,1271,1,Replication_Block,Replication,1,1,486,14,11
321546866,654565,1272,1,Replication_Block,Replication,1,1,2,14,12
321546866,654565,1273,1,Replication_Block,Replication,1,1,470,14,13
321546866,654565,1274,1,Replication_Block,Replication,1,1,357,14,14
321546866,654565,1275,1,Replication_Block,Replication,1,1,34,14,15
321546866,654565,1276,1,Replication_Block,Replication,1,1,413,14,16
321546866,654565,1277,1,Replication_Block,Replication,1,1,286,14,17
321546866,654565,1278,1,Replication_Block,Replication,1,1,140,14,18
321546866,654565,1279,1,Replication_Block,Replication,1,1,352,14,19
321546866,654565,1280,1,Replication_Block,Replication,1,1,45,14,20
321546866,654565,1281,1,Replication_Block,Replication,1,1,99,15,1
321546866,654565,1282,1,Replication_Block,Replication,1,1,188,15,2
321546866,654565,1283,1,Replication_Block,Replication,1,1,237,15,3
321546866,654565,1284,1,Replication_Block,Replication,1,1,50,15,4
321546866,654565,1285,1,Replication_Block,Replication,1,1,482,15,5
321546866,654565,1286,1,Replication_Block,Replication,1,1,490,15,6
321546866,654565,1287,1,Replication_Block,Replication,1,1,239,15,7
321546866,654565,1288,1,Replication_Block,Replication,1,1,351,15,8
321546866,654565,1289,1,Replication_Block,Replication,1,1,3,15,9
321546866,654565,1290,1,Replication_Block,Replication,1,1,504,15,10
321546866,654565,1291,1,Replication_Block,Replication,1,1,385,15,11
321546866,654565,1292,1,Replication_Block,Replication,1,1,139,15,12
321546866,654565,1293,1,Replication_Block,Replication,1,1,80,15,13
321546866,654565,1294,1,Replication_Block,Replication,1,1,58,15,14
321546866,654565,1295,1,Replication_Block,Replication,1,1,125,15,15
321546866,654565,1296,1,Replication_Block,Replication,1,1,128,15,16
321546866,654565,1297,1,Replication_Block,Replication,1,1,151,15,17
321546866,654565,1298,1,Replication_Block,Replication,1,1,229,15,18
321546866,654565,1299,1,Replication_Block,Replication,1,1,1,15,19
321546866,654565,1300,1,Replication_Block,Replication,1,1,431,15,20
321546866,654565,1301,1,Replication_Block,Replication,1,1,324,16,1
321546866,654565,1302,1,Replication_Block,Replication,1,1,230,16,2
321546866,654565,1303,1,Replication_Block,Replication,1,1,144,16,3
321546866,654565,1304,1,Replication_Block,Replication,1,1,262,16,4
321546866,654565,1305,1,Replication_Block,Replication,1,1,133,16,5
321546866,654565,1306,1,Replication_Block,Replication,1,1,2,16,6
321546866,654565,1307,1,Replication_Block,Replication,1,1,19,16,7
321546866,654565,1308,1,Replication_Block,Replication,1,1,251,16,8
321546866,654565,1309,1,Replication_Block,Replication,1,1,297,16,9
321546866,654565,1310,1,Replication_Block,Replication,1,1,390,16,10
321546866,654565,1311,1,Replication_Block,Replication,1,1,252,16,11
321546866,654565,1312,1,Replication_Block,Replication,1,1,118,16,12
321546866,654565,1313,1,Replication_Block,Replication,1,1,97,16,13
321546866,654565,1314,1,Replication_Block,Replication,1,1,138,16,14
321546866,654565,1315,1,Replication_Block,Replication,1,1,210,16,15
321546866,654565,1316,1,Replication_Block,Replication,1,1,4,16,16
321546866,654565,1317,1,Replication_Block,Replication,1,1,438,16,17
321546866,654565,1318,1,Replication_Block,Replication,1,1,289,16,18
321546866,654565,1319,1,Replication_Block,Replication,1,1,87,16,19
321546866,654565,1320,1,Replication_Block,Replication,1,1,202,16,20
321546866,654565,1321,1,Replication_Block,Replication,1,1,25,17,1
321546866,654565,1322,1,Replication_Block,Replication,1,1,42,17,2
321546866,654565,1323,1,Replication_Block,Replication,1,1,4,17,3
321546866,654565,1324,1,Replication_Block,Replication,1,1,163,17,4
321546866,654565,1325,1,Replication_Block,Replication,1,1,121,17,5
321546866,654565,1326,1,Replication_Block,Replication,1,1,505,17,6
321546866,654565,1327,1,Replication_Block,Replication,1,1,192,17,7
321546866,654565,1328,1,Replication_Block,Replication,1,1,8,17,8
321546866,654565,1329,1,Replication_Block,Replication,1,1,206,17,9
321546866,654565,1330,1,Replication_Block,Replication,1,1,478,17,10
321546866,654565,1331,1,Replication_Block,Replication,1,1,295,17,11
321546866,654565,1332,1,Replication_Block,Replication,1,1,480,17,12
321546866,654565,1333,1,Replication_Block,Replication,1,1,2,17,13
321546866,654565,1334,1,Replication_Block,Replication,1,1,28,17,14
321546866,654565,1335,1,Replication_Block,Replication,1,1,400,17,15
321546866,654565,1336,1,Replication_Block,Replication,1,1,48,17,16
321546866,654565,1337,1,Replication_Block,Replication,1,1,462,17,17
321546866,654565,1338,1,Replication_Block,Replication,1,1,113,17,18
321546866,654565,1339,1,Replication_Block,Replication,1,1,176,17,19
321546866,654565,1340,1,Replication_Block,Replication,1,1,244,17,20
321546866,654565,1341,1,Replication_Block,Replication,1,1,475,18,1
321546866,654565,1342,1,Replication_Block,Replication,1,1,69,18,2
321546866,654565,1343,1,Replication_Block,Replication,1,1,483,18,3
321546866,654565,1344,1,Replication_Block,Replication,1,1,150,18,4
321546866,654565,1345,1,Replication_Block,Replication,1,1,354,18,5
321546866,654565,1346,1,Replication_Block,Replication,1,1,159,18,6
321546866,654565,1347,1,Replication_Block,Replication,1,1,401,18,7
321546866,654565,1348,1,Replication_Block,Replication,1,1,442,18,8
321546866,654565,1349,1,Replication_Block,Replication,1,1,75,18,9
321546866,654565,1350,1,Replication_Block,Replication,1,1,1,18,10
321546866,654565,1351,1,Replication_Block,Replication,1,1,100,18,11
321546866,654565,1352,1,Replication_Block,Replication,1,1,410,18,12
321546866,654565,1353,1,Replication_Block,Replication,1,1,222,18,13
321546866,654565,1354,1,Replication_Block,Replication,1,1,249,18,14
321546866,654565,1355,1,Replication_Block,Replication,1,1,501,18,15
321546866,654565,1356,1,Replication_Block,Replication,1,1,74,18,16
321546866,654565,1357,1,Replication_Block,Replication,1,1,246,18,17
321546866,654565,1358,1,Replication_Block,Replication,1,1,312,18,18
321546866,654565,1359,1,Replication_Block,Replication,1,1,243,18,19
321546866,654565,1360,1,Replication_Block,Replication,1,1,3,18,20
321546866,654565,1361,1,Replication_Block,Replication,1,1,174,19,1
321546866,654565,1362,1,Replication_Block,Replication,1,1,503,19,2
321546866,654565,1363,1,Replication_Block,Replication,1,1,228,19,3
321546866,654565,1364,1,Replication_Block,Replication,1,1,383,19,4
321546866,654565,1365,1,Replication_Block,Replication,1,1,15,19,5
321546866,654565,1366,1,Replication_Block,Replication,1,1,130,19,6
321546866,654565,1367,1,Replication_Block,Replication,1,1,3,19,7
321546866,654565,1368,1,Replication_Block,Replication,1,1,111,19,8
321546866,654565,1369,1,Replication_Block,Replication,1,1,495,19,9
321546866,654565,1370,1,Replication_Block,Replication,1,1,440,19,10
321546866,654565,1371,1,Replication_Block,Replication,1,1,232,19,11
321546866,654565,1372,1,Replication_Block,Replication,1,1,371,19,12
321546866,654565,1373,1,Replication_Block,Replication,1,1,165,19,13
321546866,654565,1374,1,Replication_Block,Replication,1,1,142,19,14
321546866,654565,1375,1,Replication_Block,Replication,1,1,279,19,15
321546866,654565,1376,1,Replication_Block,Replication,1,1,365,19,16
321546866,654565,1377,1,Replication_Block,Replication,1,1,1,19,17
321546866,654565,1378,1,Replication_Block,Replication,1,1,27,19,18
321546866,654565,1379,1,Replication_Block,Replication,1,1,349,19,19
321546866,654565,1380,1,Replication_Block,Replication,1,1,182,19,20
321546866,654565,1381,1,Replication_Block,Replication,1,1,153,20,1
321546866,654565,1382,1,Replication_Block,Replication,1,1,304,20,2
321546866,654565,1383,1,Replication_Block,Replication,1,1,364,20,3
321546866,654565,1384,1,Replication_Block,Replication,1,1,4,20,4
321546866,654565,1385,1,Replication_Block,Replication,1,1,323,20,5
321546866,654565,1386,1,Replication_Block,Replication,1,1,94,20,6
321546866,654565,1387,1,Replication_Block,Replication,1,1,473,20,7
321546866,654565,1388,1,Replication_Block,Replication,1,1,334,20,8
321546866,654565,1389,1,Replication_Block,Replication,1,1,84,20,9
321546866,654565,1390,1,Replication_Block,Replication,1,1,47,20,10
321546866,654565,1391,1,Replication_Block,Replication,1,1,95,20,11
321546866,654565,1392,1,Replication_Block,Replication,1,1,300,20,12
321546866,654565,1393,1,Replication_Block,Replication,1,1,137,20,13
321546866,654565,1394,1,Replication_Block,Replication,1,1,2,20,14
321546866,654565,1395,1,Replication_Block,Replication,1,1,404,20,15
321546866,654565,1396,1,Replication_Block,Replication,1,1,117,20,16
321546866,654565,1397,1,Replication_Block,Replication,1,1,201,20,17
321546866,654565,1398,1,Replication_Block,Replication,1,1,302,20,18
321546866,654565,1399,1,Replication_Block,Replication,1,1,350,20,19
321546866,654565,1400,1,Replication_Block,Replication,1,1,124,20,20
321546866,654565,1401,1,Replication_Block,Replication,1,1,3,21,1
321546866,654565,1402,1,Replication_Block,Replication,1,1,107,21,2
321546866,654565,1403,1,Replication_Block,Replication,1,1,88,21,3
321546866,654565,1404,1,Replication_Block,Replication,1,1,298,21,4
321546866,654565,1405,1,Replication_Block,Replication,1,1,62,21,5
321546866,654565,1406,1,Replication_Block,Replication,1,1,437,21,6
321546866,654565,1407,1,Replication_Block,Replication,1,1,372,21,7
321546866,654565,1408,1,Replication_Block,Replication,1,1,70,21,8
321546866,654565,1409,1,Replication_Block,Replication,1,1,272,21,9
321546866,654565,1410,1,Replication_Block,Replication,1,1,253,21,10
321546866,654565,1411,1,Replication_Block,Replication,1,1,2,21,11
321546866,654565,1412,1,Replication_Block,Replication,1,1,448,21,12
321546866,654565,1413,1,Replication_Block,Replication,1,1,497,21,13
321546866,654565,1414,1,Replication_Block,Replication,1,1,362,21,14
321546866,654565,1415,1,Replication_Block,Replication,1,1,215,21,15
321546866,654565,1416,1,Replication_Block,Replication,1,1,271,21,16
321546866,654565,1417,1,Replication_Block,Replication,1,1,255,21,17
321546866,654565,1418,1,Replication_Block,Replication,1,1,181,21,18
321546866,654565,1419,1,Replication_Block,Replication,1,1,101,21,19
321546866,654565,1420,1,Replication_Block,Replication,1,1,219,21,20
321546866,654565,1421,1,Replication_Block,Replication,1,1,102,22,1
321546866,654565,1422,1,Replication_Block,Replication,1,1,409,22,2
321546866,654565,1423,1,Replication_Block,Replication,1,1,5,22,3
321546866,654565,1424,1,Replication_Block,Replication,1,1,187,22,4
321546866,654565,1425,1,Replication_Block,Replication,1,1,417,22,5
321546866,654565,1426,1,Replication_Block,Replication,1,1,166,22,6
321546866,654565,1427,1,Replication_Block,Replication,1,1,361,22,7
321546866,654565,1428,1,Replication_Block,Replication,1,1,4,22,8
321546866,654565,1429,1,Replication_Block,Replication,1,1,96,22,9
321546866,654565,1430,1,Replication_Block,Replication,1,1,422,22,10
321546866,654565,1431,1,Replication_Block,Replication,1,1,225,22,11
321546866,654565,1432,1,Replication_Block,Replication,1,1,217,22,12
321546866,654565,1433,1,Replication_Block,Replication,1,1,240,22,13
321546866,654565,1434,1,Replication_Block,Replication,1,1,224,22,14
321546866,654565,1435,1,Replication_Block,Replication,1,1,260,22,15
321546866,654565,1436,1,Replication_Block,Replication,1,1,420,22,16
321546866,654565,1437,1,Replication_Block,Replication,1,1,430,22,17
321546866,654565,1438,1,Replication_Block,Replication,1,1,1,22,18
321546866,654565,1439,1,Replication_Block,Replication,1,1,301,22,19
321546866,654565,1440,1,Replication_Block,Replication,1,1,254,22,20
321546866,654565,1441,1,Replication_Block,Replication,1,1,433,23,1
321546866,654565,1442,1,Replication_Block,Replication,1,1,110,23,2
321546866,654565,1443,1,Replication_Block,Replication,1,1,209,23,3
321546866,654565,1444,1,Replication_Block,Replication,1,1,135,23,4
321546866,654565,1445,1,Replication_Block,Replication,1,1,3,23,5
321546866,654565,1446,1,Replication_Block,Replication,1,1,395,23,6
321546866,654565,1447,1,Replication_Block,Replication,1,1,132,23,7
321546866,654565,1448,1,Replication_Block,Replication,1,1,338,23,8
321546866,654565,1449,1,Replication_Block,Replication,1,1,9,23,9
321546866,654565,1450,1,Replication_Block,Replication,1,1,508,23,10
321546866,654565,1451,1,Replication_Block,Replication,1,1,22,23,11
321546866,654565,1452,1,Replication_Block,Replication,1,1,59,23,12
321546866,654565,1453,1,Replication_Block,Replication,1,1,119,23,13
321546866,654565,1454,1,Replication_Block,Replication,1,1,184,23,14
321546866,654565,1455,1,Replication_Block,Replication,1,1,1,23,15
321546866,654565,1456,1,Replication_Block,Replication,1,1,467,23,16
321546866,654565,1457,1,Replication_Block,Replication,1,1,81,23,17
321546866,654565,1458,1,Replication_Block,Replication,1,1,491,23,18
321546866,654565,1459,1,Replication_Block,Replication,1,1,190,23,19
321546866,654565,1460,1,Replication_Block,Replication,1,1,319,23,20
321546866,654565,1461,1,Replication_Block,Replication,1,1,393,24,1
321546866,654565,1462,1,Replication_Block,Replication,1,1,2,24,2
321546866,654565,1463,1,Replication_Block,Replication,1,1,459,24,3
321546866,654565,1464,1,Replication_Block,Replication,1,1,313,24,4
321546866,654565,1465,1,Replication_Block,Replication,1,1,79,24,5
321546866,654565,1466,1,Replication_Block,Replication,1,1,471,24,6
321546866,654565,1467,1,Replication_Block,Replication,1,1,322,24,7
321546866,654565,1468,1,Replication_Block,Replication,1,1,388,24,8
321546866,654565,1469,1,Replication_Block,Replication,1,1,348,24,9
321546866,654565,1470,1,Replication_Block,Replication,1,1,446,24,10
321546866,654565,1471,1,Replication_Block,Replication,1,1,306,24,11
321546866,654565,1472,1,Replication_Block,Replication,1,1,4,24,12
321546866,654565,1473,1,Replication_Block,Replication,1,1,83,24,13
321546866,654565,1474,1,Replication_Block,Replication,1,1,463,24,14
321546866,654565,1475,1,Replication_Block,Replication,1,1,494,24,15
321546866,654565,1476,1,Replication_Block,Replication,1,1,397,24,16
321546866,654565,1477,1,Replication_Block,Replication,1,1,220,24,17
321546866,654565,1478,1,Replication_Block,Replication,1,1,444,24,18
321546866,654565,1479,1,Replication_Block,Replication,1,1,436,24,19
321546866,654565,1480,1,Replication_Block,Replication,1,1,366,24,20
321546866,654565,1481,1,Replication_Block,Replication,1,1,429,25,1
321546866,654565,1482,1,Replication_Block,Replication,1,1,238,25,2
321546866,654565,1483,1,Replication_Block,Replication,1,1,403,25,3
321546866,654565,1484,1,Replication_Block,Replication,1,1,177,25,4
321546866,654565,1485,1,Replication_Block,Replication,1,1,89,25,5
321546866,654565,1486,1,Replication_Block,Replication,1,1,11,25,6
321546866,654565,1487,1,Replication_Block,Replication,1,1,207,25,7
321546866,654565,1488,1,Replication_Block,Replication,1,1,387,25,8
321546866,654565,1489,1,Replication_Block,Replication,1,1,1,25,9
321546866,654565,1490,1,Replication_Block,Replication,1,1,425,25,10
321546866,654565,1491,1,Replication_Block,Replication,1,1,245,25,11
321546866,654565,1492,1,Replication_Block,Replication,1,1,389,25,12
321546866,654565,1493,1,Replication_Block,Replication,1,1,353,25,13
321546866,654565,1494,1,Replication_Block,Replication,1,1,41,25,14
321546866,654565,1495,1,Replication_Block,Replication,1,1,57,25,15
321546866,654565,1496,1,Replication_Block,Replication,1,1,274,25,16
321546866,654565,1497,1,Replication_Block,Replication,1,1,299,25,17
321546866,654565,1498,1,Replication_Block,Replication,1,1,180,25,18
321546866,654565,1499,1,Replication_Block,Replication,1,1,3,25,19
321546866,654565,1500,1,Replication_Block,Replication,1,1,52,25,20
321546866,654565,1501,1,Replication_Block,Replication,1,1,447,26,1
321546866,654565,1502,1,Replication_Block,Replication,1,1,168,26,2
321546866,654565,1503,1,Replication_Block,Replication,1,1,287,26,3
321546866,654565,1504,1,Replication_Block,Replication,1,1,369,26,4
321546866,654565,1505,1,Replication_Block,Replication,1,1,368,26,5
321546866,654565,1506,1,Replication_Block,Replication,1,1,2,26,6
321546866,654565,1507,1,Replication_Block,Replication,1,1,452,26,7
321546866,654565,1508,1,Replication_Block,Replication,1,1,310,26,8
321546866,654565,1509,1,Replication_Block,Replication,1,1,63,26,9
321546866,654565,1510,1,Replication_Block,Replication,1,1,115,26,10
321546866,654565,1511,1,Replication_Block,Replication,1,1,341,26,11
321546866,654565,1512,1,Replication_Block,Replication,1,1,381,26,12
321546866,654565,1513,1,Replication_Block,Replication,1,1,51,26,13
321546866,654565,1514,1,Replication_Block,Replication,1,1,13,26,14
321546866,654565,1515,1,Replication_Block,Replication,1,1,178,26,15
321546866,654565,1516,1,Replication_Block,Replication,1,1,4,26,16
321546866,654565,1517,1,Replication_Block,Replication,1,1,197,26,17
321546866,654565,1518,1,Replication_Block,Replication,1,1,308,26,18
321546866,654565,1519,1,Replication_Block,Replication,1,1,336,26,19
321546866,654565,1520,1,Replication_Block,Replication,1,1,399,26,20
321546866,654565,1521,1,Replication_Block,Replication,1,1,460,27,1
321546866,654565,1522,1,Replication_Block,Replication,1,1,370,27,2
321546866,654565,1523,1,Replication_Block,Replication,1,1,3,27,3
321546866,654565,1524,1,Replication_Block,Replication,1,1,36,27,4
321546866,654565,1525,1,Replication_Block,Replication,1,1,175,27,5
321546866,654565,1526,1,Replication_Block,Replication,1,1,247,27,6
321546866,654565,1527,1,Replication_Block,Replication,1,1,189,27,7
321546866,654565,1528,1,Replication_Block,Replication,1,1,293,27,8
321546866,654565,1529,1,Replication_Block,Replication,1,1,216,27,9
321546866,654565,1530,1,Replication_Block,Replication,1,1,281,27,10
321546866,654565,1531,1,Replication_Block,Replication,1,1,200,27,11
321546866,654565,1532,1,Replication_Block,Replication,1,1,198,27,12
321546866,654565,1533,1,Replication_Block,Replication,1,1,2,27,13
321546866,654565,1534,1,Replication_Block,Replication,1,1,418,27,14
321546866,654565,1535,1,Replication_Block,Replication,1,1,284,27,15
321546866,654565,1536,1,Replication_Block,Replication,1,1,14,27,16
321546866,654565,1537,1,Replication_Block,Replication,1,1,451,27,17
321546866,654565,1538,1,Replication_Block,Replication,1,1,248,27,18
321546866,654565,1539,1,Replication_Block,Replication,1,1,466,27,19
321546866,654565,1540,1,Replication_Block,Replication,1,1,386,27,20
321546866,654565,1541,1,Replication_Block,Replication,1,1,344,28,1
321546866,654565,1542,1,Replication_Block,Replication,1,1,465,28,2
321546866,654565,1543,1,Replication_Block,Replication,1,1,134,28,3
321546866,654565,1544,1,Replication_Block,Replication,1,1,377,28,4
321546866,654565,1545,1,Replication_Block,Replication,1,1,414,28,5
321546866,654565,1546,1,Replication_Block,Replication,1,1,18,28,6
321546866,654565,1547,1,Replication_Block,Replication,1,1,391,28,7
321546866,654565,1548,1,Replication_Block,Replication,1,1,325,28,8
321546866,654565,1549,1,Replication_Block,Replication,1,1,160,28,9
321546866,654565,1550,1,Replication_Block,Replication,1,1,1,28,10
321546866,654565,1551,1,Replication_Block,Replication,1,1,60,28,11
321546866,654565,1552,1,Replication_Block,Replication,1,1,53,28,12
321546866,654565,1553,1,Replication_Block,Replication,1,1,264,28,13
321546866,654565,1554,1,Replication_Block,Replication,1,1,309,28,14
321546866,654565,1555,1,Replication_Block,Replication,1,1,122,28,15
321546866,654565,1556,1,Replication_Block,Replication,1,1,423,28,16
321546866,654565,1557,1,Replication_Block,Replication,1,1,93,28,17
321546866,654565,1558,1,Replication_Block,Replication,1,1,468,28,18
321546866,654565,1559,1,Replication_Block,Replication,1,1,67,28,19
321546866,654565,1560,1,Replication_Block,Replication,1,1,4,28,20
321546866,654566,1001,1,Replication_Block,Replication,1,1,1,1,1
321546866,654566,1002,1,Replication_Block,Replication,1,1,396,1,2
321546866,654566,1003,1,Replication_Block,Replication,1,1,442,1,3
321546866,654566,1004,1,Replication_Block,Replication,1,1,181,1,4
321546866,654566,1005,1,Replication_Block,Replication,1,1,120,1,5
321546866,654566,1006,1,Replication_Block,Replication,1,1,7,1,6
321546866,654566,1007,1,Replication_Block,Replication,1,1,260,1,7
321546866,654566,1008,1,Replication_Block,Replication,1,1,169,1,8
321546866,654566,1009,1,Replication_Block,Replication,1,1,59,1,9
321546866,654566,1010,1,Replication_Block,Replication,1,1,483,1,10
321546866,654566,1011,1,Replication_Block,Replication,1,1,3,1,11
321546866,654566,1012,1,Replication_Block,Replication,1,1,154,1,12
321546866,654566,1013,1,Replication_Block,Replication,1,1,95,1,13
321546866,654566,1014,1,Replication_Block,Replication,1,1,441,1,14
321546866,654566,1015,1,Replication_Block,Replication,1,1,160,1,15
321546866,654566,1016,1,Replication_Block,Replication,1,1,204,1,16
321546866,654566,1017,1,Replication_Block,Replication,1,1,491,1,17
321546866,654566,1018,1,Replication_Block,Replication,1,1,473,1,18
321546866,654566,1019,1,Replication_Block,Replication,1,1,395,1,19
321546866,654566,1020,1,Replication_Block,Replication,1,1,68,1,20
321546866,654566,1021,1,Replication_Block,Replication,1,1,405,2,1
321546866,654566,1022,1,Replication_Block,Replication,1,1,430,2,2
321546866,654566,1023,1,Replication_Block,Replication,1,1,274,2,3
321546866,654566,1024,1,Replication_Block,Replication,1,1,86,2,4
321546866,654566,1025,1,Replication_Block,Replication,1,1,493,2,5
321546866,654566,1026,1,Replication_Block,Replication,1,1,163,2,6
321546866,654566,1027,1,Replication_Block,Replication,1,1,133,2,7
321546866,654566,1028,1,Replication_Block,Replication,1,1,2,2,8
321546866,654566,1029,1,Replication_Block,Replication,1,1,16,2,9
321546866,654566,1030,1,Replication_Block,Replication,1,1,313,2,10
321546866,654566,1031,1,Replication_Block,Replication,1,1,298,2,11
321546866,654566,1032,1,Replication_Block,Replication,1,1,147,2,12
321546866,654566,1033,1,Replication_Block,Replication,1,1,112,2,13
321546866,654566,1034,1,Replication_Block,Replication,1,1,305,2,14
321546866,654566,1035,1,Replication_Block,Replication,1,1,489,2,15
321546866,654566,1036,1,Replication_Block,Replication,1,1,391,2,16
321546866,654566,1037,1,Replication_Block,Replication,1,1,452,2,17
321546866,654566,1038,1,Replication_Block,Replication,1,1,4,2,18
321546866,654566,1039,1,Replication_Block,Replication,1,1,290,2,19
321546866,654566,1040,1,Replication_Block,Replication,1,1,146,2,20
321546866,654566,1041,1,Replication_Block,Replication,1,1,164,3,1
321546866,654566,1042,1,Replication_Block,Replication,1,1,481,3,2
321546866,654566,1043,1,Replication_Block,Replication,1,1,397,3,3
321546866,654566,1044,1,Replication_Block,Replication,1,1,40,3,4
321546866,654566,1045,1,Replication_Block,Replication,1,1,3,3,5
321546866,654566,1046,1,Replication_Block,Replication,1,1,104,3,6
321546866,654566,1047,1,Replication_Block,Replication,1,1,412,3,7
321546866,654566,1048,1,Replication_Block,Replication,1,1,49,3,8
321546866,654566,1049,1,Replication_Block,Replication,1,1,238,3,9
321546866,654566,1050,1,Replication_Block,Replication,1,1,209,3,10
321546866,654566,1051,1,Replication_Block,Replication,1,1,166,3,11
321546866,654566,1052,1,Replication_Block,Replication,1,1,48,3,12
321546866,654566,1053,1,Replication_Block,Replication,1,1,496,3,13
321546866,654566,1054,1,Replication_Block,Replication,1,1,301,3,14
321546866,654566,1055,1,Replication_Block,Replication,1,1,1,3,15
321546866,654566,1056,1,Replication_Block,Replication,1,1,87,3,16
321546866,654566,1057,1,Replication_Block,Replication,1,1,233,3,17
321546866,654566,1058,1,Replication_Block,Replication,1,1,75,3,18
321546866,654566,1059,1,Replication_Block,Replication,1,1,29,3,19
321546866,654566,1060,1,Replication_Block,Replication,1,1,15,3,20
321546866,654566,1061,1,Replication_Block,Replication,1,1,349,4,1
321546866,654566,1062,1,Replication_Block,Replication,1,1,2,4,2
321546866,654566,1063,1,Replication_Block,Replication,1,1,231,4,3
321546866,654566,1064,1,Replication_Block,Replication,1,1,213,4,4
321546866,654566,1065,1,Replication_Block,Replication,1,1,28,4,5
321546866,654566,1066,1,Replication_Block,Replication,1,1,210,4,6
321546866,654566,1067,1,Replication_Block,Replication,1,1,179,4,7
321546866,654566,1068,1,Replication_Block,Replication,1,1,123,4,8
321546866,654566,1069,1,Replication_Block,Replication,1,1,361,4,9
321546866,654566,1070,1,Replication_Block,Replication,1,1,495,4,10
321546866,654566,1071,1,Replication_Block,Replication,1,1,20,4,11
321546866,654566,1072,1,Replication_Block,Replication,1,1,4,4,12
321546866,654566,1073,1,Replication_Block,Replication,1,1,63,4,13
321546866,654566,1074,1,Replication_Block,Replication,1,1,460,4,14
321546866,654566,1075,1,Replication_Block,Replication,1,1,108,4,15
321546866,654566,1076,1,Replication_Block,Replication,1,1,416,4,16
321546866,654566,1077,1,Replication_Block,Replication,1,1,145,4,17
321546866,654566,1078,1,Replication_Block,Replication,1,1,54,4,18
321546866,654566,1079,1,Replication_Block,Replication,1,1,387,4,19
321546866,654566,1080,1,Replication_Block,Replication,1,1,219,4,20
321546866,654566,1081,1,Replication_Block,Replication,1,1,440,5,1
321546866,654566,1082,1,Replication_Block,Replication,1,1,318,5,2
321546866,654566,1083,1,Replication_Block,Replication,1,1,60,5,3
321546866,654566,1084,1,Replication_Block,Replication,1,1,369,5,4
321546866,654566,1085,1,Replication_Block,Replication,1,1,484,5,5
321546866,654566,1086,1,Replication_Block,Replication,1,1,384,5,6
321546866,654566,1087,1,Replication_Block,Replication,1,1,359,5,7
321546866,654566,1088,1,Replication_Block,Replication,1,1,299,5,8
321546866,654566,1089,1,Replication_Block,Replication,1,1,1,5,9
321546866,654566,1090,1,Replication_Block,Replication,1,1,450,5,10
321546866,654566,1091,1,Replication_Block,Replication,1,1,194,5,11
321546866,654566,1092,1,Replication_Block,Replication,1,1,178,5,12
321546866,654566,1093,1,Replication_Block,Replication,1,1,302,5,13
321546866,654566,1094,1,Replication_Block,Replication,1,1,271,5,14
321546866,654566,1095,1,Replication_Block,Replication,1,1,6,5,15
321546866,654566,1096,1,Replication_Block,Replication,1,1,151,5,16
321546866,654566,1097,1,Replication_Block,Replication,1,1,62,5,17
321546866,654566,1098,1,Replication_Block,Replication,1,1,419,5,18
321546866,654566,1099,1,Replication_Block,Replication,1,1,4,5,19
321546866,654566,1100,1,Replication_Block,Replication,1,1,373,5,20
321546866,654566,1101,1,Replication_Block,Replication,1,1,347,6,1
321546866,654566,1102,1,Replication_Block,Replication,1,1,171,6,2
321546866,654566,1103,1,Replication_Block,Replication,1,1,61,6,3
321546866,654566,1104,1,Replication_Block,Replication,1,1,371,6,4
321546866,654566,1105,1,Replication_Block,Replication,1,1,225,6,5
321546866,654566,1106,1,Replication_Block,Replication,1,1,3,6,6
321546866,654566,1107,1,Replication_Block,Replication,1,1,92,6,7
321546866,654566,1108,1,Replication_Block,Replication,1,1,458,6,8
321546866,654566,1109,1,Replication_Block,Replication,1,1,310,6,9
321546866,654566,1110,1,Replication_Block,Replication,1,1,197,6,10
321546866,654566,1111,1,Replication_Block,Replication,1,1,33,6,11
321546866,654566,1112,1,Replication_Block,Replication,1,1,294,6,12
321546866,654566,1113,1,Replication_Block,Replication,1,1,326,6,13
321546866,654566,1114,1,Replication_Block,Replication,1,1,386,6,14
321546866,654566,1115,1,Replication_Block,Replication,1,1,283,6,15
321546866,654566,1116,1,Replication_Block,Replication,1,1,2,6,16
321546866,654566,1117,1,Replication_Block,Replication,1,1,372,6,17
321546866,654566,1118,1,Replication_Block,Replication,1,1,320,6,18
321546866,654566,1119,1,Replication_Block,Replication,1,1,55,6,19
321546866,654566,1120,1,Replication_Block,Replication,1,1,508,6,20
321546866,654566,1121,1,Replication_Block,Replication,1,1,122,7,1
321546866,654566,1122,1,Replication_Block,Replication,1,1,136,7,2
321546866,654566,1123,1,Replication_Block,Replication,1,1,4,7,3
321546866,654566,1124,1,Replication_Block,Replication,1,1,358,7,4
321546866,654566,1125,1,Replication_Block,Replication,1,1,22,7,5
321546866,654566,1126,1,Replication_Block,Replication,1,1,51,7,6
321546866,654566,1127,1,Replication_Block,Replication,1,1,352,7,7
321546866,654566,1128,1,Replication_Block,Replication,1,1,37,7,8
321546866,654566,1129,1,Replication_Block,Replication,1,1,360,7,9
321546866,654566,1130,1,Replication_Block,Replication,1,1,383,7,10
321546866,654566,1131,1,Replication_Block,Replication,1,1,438,7,11
321546866,654566,1132,1,Replication_Block,Replication,1,1,165,7,12
321546866,654566,1133,1,Replication_Block,Replication,1,1,1,7,13
321546866,654566,1134,1,Replication_Block,Replication,1,1,106,7,14
321546866,654566,1135,1,Replication_Block,Replication,1,1,153,7,15
321546866,654566,1136,1,Replication_Block,Replication,1,1,280,7,16
321546866,654566,1137,1,Replication_Block,Replication,1,1,32,7,17
321546866,654566,1138,1,Replication_Block,Replication,1,1,90,7,18
321546866,654566,1139,1,Replication_Block,Replication,1,1,399,7,19
321546866,654566,1140,1,Replication_Block,Replication,1,1,278,7,20
321546866,654566,1141,1,Replication_Block,Replication,1,1,81,8,1
321546866,654566,1142,1,Replication_Block,Replication,1,1,9,8,2
321546866,654566,1143,1,Replication_Block,Replication,1,1,328,8,3
321546866,654566,1144,1,Replication_Block,Replication,1,1,34,8,4
321546866,654566,1145,1,Replication_Block,Replication,1,1,121,8,5
321546866,654566,1146,1,Replication_Block,Replication,1,1,252,8,6
321546866,654566,1147,1,Replication_Block,Replication,1,1,117,8,7
321546866,654566,1148,1,Replication_Block,Replication,1,1,503,8,8
321546866,654566,1149,1,Replication_Block,Replication,1,1,433,8,9
321546866,654566,1150,1,Replication_Block,Replication,1,1,3,8,10
321546866,654566,1151,1,Replication_Block,Replication,1,1,142,8,11
321546866,654566,1152,1,Replication_Block,Replication,1,1,330,8,12
321546866,654566,1153,1,Replication_Block,Replication,1,1,39,8,13
321546866,654566,1154,1,Replication_Block,Replication,1,1,25,8,14
321546866,654566,1155,1,Replication_Block,Replication,1,1,502,8,15
321546866,654566,1156,1,Replication_Block,Replication,1,1,368,8,16
321546866,654566,1157,1,Replication_Block,Replication,1,1,505,8,17
321546866,654566,1158,1,Replication_Block,Replication,1,1,150,8,18
321546866,654566,1159,1,Replication_Block,Replication,1,1,248,8,19
321546866,654566,1160,1,Replication_Block,Replication,1,1,2,8,20
321546866,654566,1161,1,Replication_Block,Replication,1,1,321,9,1
321546866,654566,1162,1,Replication_Block,Replication,1,1,124,9,2
321546866,654566,1163,1,Replication_Block,Replication,1,1,79,9,3
321546866,654566,1164,1,Replication_Block,Replication,1,1,211,9,4
321546866,654566,1165,1,Replication_Block,Replication,1,1,135,9,5
321546866,654566,1166,1,Replication_Block,Replication,1,1,431,9,6
321546866,654566,1167,1,Replication_Block,Replication,1,1,2,9,7
321546866,654566,1168,1,Replication_Block,Replication,1,1,420,9,8
321546866,654566,1169,1,Replication_Block,Replication,1,1,300,9,9
321546866,654566,1170,1,Replication_Block,Replication,1,1,105,9,10
321546866,654566,1171,1,Replication_Block,Replication,1,1,41,9,11
321546866,654566,1172,1,Replication_Block,Replication,1,1,58,9,12
321546866,654566,1173,1,Replication_Block,Replication,1,1,170,9,13
321546866,654566,1174,1,Replication_Block,Replication,1,1,148,9,14
321546866,654566,1175,1,Replication_Block,Replication,1,1,351,9,15
321546866,654566,1176,1,Replication_Block,Replication,1,1,201,9,16
321546866,654566,1177,1,Replication_Block,Replication,1,1,3,9,17
321546866,654566,1178,1,Replication_Block,Replication,1,1,284,9,18
321546866,654566,1179,1,Replication_Block,Replication,1,1,334,9,19
321546866,654566,1180,1,Replication_Block,Replication,1,1,414,9,20
321546866,654566,1181,1,Replication_Block,Replication,1,1,474,10,1
321546866,654566,1182,1,Replication_Block,Replication,1,1,185,10,2
321546866,654566,1183,1,Replication_Block,Replication,1,1,356,10,3
321546866,654566,1184,1,Replication_Block,Replication,1,1,4,10,4
321546866,654566,1185,1,Replication_Block,Replication,1,1,50,10,5
321546866,654566,1186,1,Replication_Block,Replication,1,1,401,10,6
321546866,654566,1187,1,Replication_Block,Replication,1,1,385,10,7
321546866,654566,1188,1,Replication_Block,Replication,1,1,66,10,8
321546866,654566,1189,1,Replication_Block,Replication,1,1,350,10,9
321546866,654566,1190,1,Replication_Block,Replication,1,1,366,10,10
321546866,654566,1191,1,Replication_Block,Replication,1,1,379,10,11
321546866,654566,1192,1,Replication_Block,Replication,1,1,287,10,12
321546866,654566,1193,1,Replication_Block,Replication,1,1,27,10,13
321546866,654566,1194,1,Replication_Block,Replication,1,1,1,10,14
321546866,654566,1195,1,Replication_Block,Replication,1,1,357,10,15
321546866,654566,1196,1,Replication_Block,Replication,1,1,156,10,16
321546866,654566,1197,1,Replication_Block,Replication,1,1,203,10,17
321546866,654566,1198,1,Replication_Block,Replication,1,1,242,10,18
321546866,654566,1199,1,Replication_Block,Replication,1,1,471,10,19
321546866,654566,1200,1,Replication_Block,Replication,1,1,8,10,20
321546866,654566,1201,1,Replication_Block,Replication,1,1,3,11,1
321546866,654566,1202,1,Replication_Block,Replication,1,1,159,11,2
321546866,654566,1203,1,Replication_Block,Replication,1,1,212,11,3
321546866,654566,1204,1,Replication_Block,Replication,1,1,426,11,4
321546866,654566,1205,1,Replication_Block,Replication,1,1,77,11,5
321546866,654566,1206,1,Replication_Block,Replication,1,1,262,11,6
321546866,654566,1207,1,Replication_Block,Replication,1,1,78,11,7
321546866,654566,1208,1,Replication_Block,Replication,1,1,99,11,8
321546866,654566,1209,1,Replication_Block,Replication,1,1,339,11,9
321546866,654566,1210,1,Replication_Block,Replication,1,1,113,11,10
321546866,654566,1211,1,Replication_Block,Replication,1,1,4,11,11
321546866,654566,1212,1,Replication_Block,Replication,1,1,143,11,12
321546866,654566,1213,1,Replication_Block,Replication,1,1,388,11,13
321546866,654566,1214,1,Replication_Block,Replication,1,1,76,11,14
321546866,654566,1215,1,Replication_Block,Replication,1,1,273,11,15
321546866,654566,1216,1,Replication_Block,Replication,1,1,454,11,16
321546866,654566,1217,1,Replication_Block,Replication,1,1,259,11,17
321546866,654566,1218,1,Replication_Block,Replication,1,1,348,11,18
321546866,654566,1219,1,Replication_Block,Replication,1,1,453,11,19
321546866,654566,1220,1,Replication_Block,Replication,1,1,264,11,20
321546866,654566,1221,1,Replication_Block,Replication,1,1,73,12,1
321546866,654566,1222,1,Replication_Block,Replication,1,1,141,12,2
321546866,654566,1223,1,Replication_Block,Replication,1,1,393,12,3
321546866,654566,1224,1,Replication_Block,Replication,1,1,448,12,4
321546866,654566,1225,1,Replication_Block,Replication,1,1,423,12,5
321546866,654566,1226,1,Replication_Block,Replication,1,1,370,12,6
321546866,654566,1227,1,Replication_Block,Replication,1,1,479,12,7
321546866,654566,1228,1,Replication_Block,Replication,1,1,1,12,8
321546866,654566,1229,1,Replication_Block,Replication,1,1,374,12,9
321546866,654566,1230,1,Replication_Block,Replication,1,1,314,12,10
321546866,654566,1231,1,Replication_Block,Replication,1,1,443,12,11
321546866,654566,1232,1,Replication_Block,Replication,1,1,445,12,12
321546866,654566,1233,1,Replication_Block,Replication,1,1,167,12,13
321546866,654566,1234,1,Replication_Block,Replication,1,1,295,12,14
321546866,654566,1235,1,Replication_Block,Replication,1,1,199,12,15
321546866,654566,1236,1,Replication_Block,Replication,1,1,251,12,16
321546866,654566,1237,1,Replication_Block,Replication,1,1,364,12,17
321546866,654566,1238,1,Replication_Block,Replication,1,1,2,12,18
321546866,654566,1239,1,Replication_Block,Replication,1,1,261,12,19
321546866,654566,1240,1,Replication_Block,Replication,1,1,327,12,20
321546866,654566,1241,1,Replication_Block,Replication,1,1,464,13,1
321546866,654566,1242,1,Replication_Block,Replication,1,1,303,13,2
321546866,654566,1243,1,Replication_Block,Replication,1,1,5,13,3
321546866,654566,1244,1,Replication_Block,Replication,1,1,175,13,4
321546866,654566,1245,1,Replication_Block,Replication,1,1,1,13,5
321546866,654566,1246,1,Replication_Block,Replication,1,1,72,13,6
321546866,654566,1247,1,Replication_Block,Replication,1,1,188,13,7
321546866,654566,1248,1,Replication_Block,Replication,1,1,342,13,8
321546866,654566,1249,1,Replication_Block,Replication,1,1,497,13,9
321546866,654566,1250,1,Replication_Block,Replication,1,1,109,13,10
321546866,654566,1251,1,Replication_Block,Replication,1,1,224,13,11
321546866,654566,1252,1,Replication_Block,Replication,1,1,244,13,12
321546866,654566,1253,1,Replication_Block,Replication,1,1,132,13,13
321546866,654566,1254,1,Replication_Block,Replication,1,1,268,13,14
321546866,654566,1255,1,Replication_Block,Replication,1,1,4,13,15
321546866,654566,1256,1,Replication_Block,Replication,1,1,263,13,16
321546866,654566,1257,1,Replication_Block,Replication,1,1,202,13,17
321546866,654566,1258,1,Replication_Block,Replication,1,1,312,13,18
321546866,654566,1259,1,Replication_Block,Replication,1,1,498,13,19
321546866,654566,1260,1,Replication_Block,Replication,1,1,338,13,20
321546866,654566,1261,1,Replication_Block,Replication,1,1,436,14,1
321546866,654566,1262,1,Replication_Block,Replication,1,1,2,14,2
321546866,654566,1263,1,Replication_Block,Replication,1,1,335,14,3
321546866,654566,1264,1,Replication_Block,Replication,1,1,422,14,4
321546866,654566,1265,1,Replication_Block,Replication,1,1,118,14,5
321546866,654566,1266,1,Replication_Block,Replication,1,1,249,14,6
321546866,654566,1267,1,Replication_Block,Replication,1,1,85,14,7
321546866,654566,1268,1,Replication_Block,Replication,1,1,417,14,8
321546866,654566,1269,1,Replication_Block,Replication,1,1,501,14,9
321546866,654566,1270,1,Replication_Block,Replication,1,1,52,14,10
321546866,654566,1271,1,Replication_Block,Replication,1,1,311,14,11
321546866,654566,1272,1,Replication_Block,Replication,1,1,3,14,12
321546866,654566,1273,1,Replication_Block,Replication,1,1,257,14,13
321546866,654566,1274,1,Replication_Block,Replication,1,1,446,14,14
321546866,654566,1275,1,Replication_Block,Replication,1,1,158,14,15
321546866,654566,1276,1,Replication_Block,Replication,1,1,43,14,16
321546866,654566,1277,1,Replication_Block,Replication,1,1,221,14,17
321546866,654566,1278,1,Replication_Block,Replication,1,1,407,14,18
321546866,654566,1279,1,Replication_Block,Replication,1,1,277,14,19
321546866,654566,1280,1,Replication_Block,Replication,1,1,363,14,20
321546866,654566,1281,1,Replication_Block,Replication,1,1,307,15,1
321546866,654566,1282,1,Replication_Block,Replication,1,1,411,15,2
321546866,654566,1283,1,Replication_Block,Replication,1,1,270,15,3
321546866,654566,1284,1,Replication_Block,Replication,1,1,293,15,4
321546866,654566,1285,1,Replication_Block,Replication,1,1,129,15,5
321546866,654566,1286,1,Replication_Block,Replication,1,1,98,15,6
321546866,654566,1287,1,Replication_Block,Replication,1,1,205,15,7
321546866,654566,1288,1,Replication_Block,Replication,1,1,70,15,8
321546866,654566,1289,1,Replication_Block,Replication,1,1,3,15,9
321546866,654566,1290,1,Replication_Block,Replication,1,1,198,15,10
321546866,654566,1291,1,Replication_Block,Replication,1,1,427,15,11
321546866,654566,1292,1,Replication_Block,Replication,1,1,239,15,12
321546866,654566,1293,1,Replication_Block,Replication,1,1,435,15,13
321546866,654566,1294,1,Replication_Block,Replication,1,1,470,15,14
321546866,654566,1295,1,Replication_Block,Replication,1,1,340,15,15
321546866,654566,1296,1,Replication_Block,Replication,1,1,265,15,16
321546866,654566,1297,1,Replication_Block,Replication,1,1,246,15,17
321546866,654566,1298,1,Replication_Block,Replication,1,1,155,15,18
321546866,654566,1299,1,Replication_Block,Replication,1,1,4,15,19
321546866,654566,1300,1,Replication_Block,Replication,1,1,476,15,20
321546866,654566,1301,1,Replication_Block,Replication,1,1,378,16,1
321546866,654566,1302,1,Replication_Block,Replication,1,1,279,16,2
321546866,654566,1303,1,Replication_Block,Replication,1,1,230,16,3
321546866,654566,1304,1,Replication_Block,Replication,1,1,428,16,4
321546866,654566,1305,1,Replication_Block,Replication,1,1,134,16,5
321546866,654566,1306,1,Replication_Block,Replication,1,1,2,16,6
321546866,654566,1307,1,Replication_Block,Replication,1,1,437,16,7
321546866,654566,1308,1,Replication_Block,Replication,1,1,247,16,8
321546866,654566,1309,1,Replication_Block,Replication,1,1,196,16,9
321546866,654566,1310,1,Replication_Block,Replication,1,1,353,16,10
321546866,654566,1311,1,Replication_Block,Replication,1,1,208,16,11
321546866,654566,1312,1,Replication_Block,Replication,1,1,380,16,12
321546866,654566,1313,1,Replication_Block,Replication,1,1,429,16,13
321546866,654566,1314,1,Replication_Block,Replication,1,1,375,16,14
321546866,654566,1315,1,Replication_Block,Replication,1,1,200,16,15
321546866,654566,1316,1,Replication_Block,Replication,1,1,1,16,16
321546866,654566,1317,1,Replication_Block,Replication,1,1,421,16,17
321546866,654566,1318,1,Replication_Block,Replication,1,1,406,16,18
321546866,654566,1319,1,Replication_Block,Replication,1,1,42,16,19
321546866,654566,1320,1,Replication_Block,Replication,1,1,97,16,20
321546866,654566,1321,1,Replication_Block,Replication,1,1,477,17,1
321546866,654566,1322,1,Replication_Block,Replication,1,1,272,17,2
321546866,654566,1323,1,Replication_Block,Replication,1,1,3,17,3
321546866,654566,1324,1,Replication_Block,Replication,1,1,227,17,4
321546866,654566,1325,1,Replication_Block,Replication,1,1,258,17,5
321546866,654566,1326,1,Replication_Block,Replication,1,1,18,17,6
321546866,654566,1327,1,Replication_Block,Replication,1,1,465,17,7
321546866,654566,1328,1,Replication_Block,Replication,1,1,84,17,8
321546866,654566,1329,1,Replication_Block,Replication,1,1,449,17,9
321546866,654566,1330,1,Replication_Block,Replication,1,1,174,17,10
321546866,654566,1331,1,Replication_Block,Replication,1,1,362,17,11
321546866,654566,1332,1,Replication_Block,Replication,1,1,180,17,12
321546866,654566,1333,1,Replication_Block,Replication,1,1,1,17,13
321546866,654566,1334,1,Replication_Block,Replication,1,1,466,17,14
321546866,654566,1335,1,Replication_Block,Replication,1,1,285,17,15
321546866,654566,1336,1,Replication_Block,Replication,1,1,232,17,16
321546866,654566,1337,1,Replication_Block,Replication,1,1,418,17,17
321546866,654566,1338,1,Replication_Block,Replication,1,1,413,17,18
321546866,654566,1339,1,Replication_Block,Replication,1,1,21,17,19
321546866,654566,1340,1,Replication_Block,Replication,1,1,44,17,20
321546866,654566,1341,1,Replication_Block,Replication,1,1,65,18,1
321546866,654566,1342,1,Replication_Block,Replication,1,1,381,18,2
321546866,654566,1343,1,Replication_Block,Replication,1,1,10,18,3
321546866,654566,1344,1,Replication_Block,Replication,1,1,13,18,4
321546866,654566,1345,1,Replication_Block,Replication,1,1,478,18,5
321546866,654566,1346,1,Replication_Block,Replication,1,1,161,18,6
321546866,654566,1347,1,Replication_Block,Replication,1,1,103,18,7
321546866,654566,1348,1,Replication_Block,Replication,1,1,206,18,8
321546866,654566,1349,1,Replication_Block,Replication,1,1,14,18,9
321546866,654566,1350,1,Replication_Block,Replication,1,1,4,18,10
321546866,654566,1351,1,Replication_Block,Replication,1,1,296,18,11
321546866,654566,1352,1,Replication_Block,Replication,1,1,88,18,12
321546866,654566,1353,1,Replication_Block,Replication,1,1,292,18,13
321546866,654566,1354,1,Replication_Block,Replication,1,1,297,18,14
321546866,654566,1355,1,Replication_Block,Replication,1,1,71,18,15
321546866,654566,1356,1,Replication_Block,Replication,1,1,116,18,16
321546866,654566,1357,1,Replication_Block,Replication,1,1,432,18,17
321546866,654566,1358,1,Replication_Block,Replication,1,1,226,18,18
321546866,654566,1359,1,Replication_Block,Replication,1,1,457,18,19
321546866,654566,1360,1,Replication_Block,Replication,1,1,2,18,20
321546866,654566,1361,1,Replication_Block,Replication,1,1,500,19,1
321546866,654566,1362,1,Replication_Block,Replication,1,1,64,19,2
321546866,654566,1363,1,Replication_Block,Replication,1,1,487,19,3
321546866,654566,1364,1,Replication_Block,Replication,1,1,94,19,4
321546866,654566,1365,1,Replication_Block,Replication,1,1,468,19,5
321546866,654566,1366,1,Replication_Block,Replication,1,1,256,19,6
321546866,654566,1367,1,Replication_Block,Replication,1,1,1,19,7
321546866,654566,1368,1,Replication_Block,Replication,1,1,207,19,8
321546866,654566,1369,1,Replication_Block,Replication,1,1,23,19,9
321546866,654566,1370,1,Replication_Block,Replication,1,1,234,19,10
321546866,654566,1371,1,Replication_Block,Replication,1,1,228,19,11
321546866,654566,1372,1,Replication_Block,Replication,1,1,144,19,12
321546866,654566,1373,1,Replication_Block,Replication,1,1,275,19,13
321546866,654566,1374,1,Replication_Block,Replication,1,1,241,19,14
321546866,654566,1375,1,Replication_Block,Replication,1,1,215,19,15
321546866,654566,1376,1,Replication_Block,Replication,1,1,317,19,16
321546866,654566,1377,1,Replication_Block,Replication,1,1,3,19,17
321546866,654566,1378,1,Replication_Block,Replication,1,1,324,19,18
321546866,654566,1379,1,Replication_Block,Replication,1,1,101,19,19
321546866,654566,1380,1,Replication_Block,Replication,1,1,56,19,20
321546866,654566,1381,1,Replication_Block,Replication,1,1,488,20,1
321546866,654566,1382,1,Replication_Block,Replication,1,1,490,20,2
321546866,654566,1383,1,Replication_Block,Replication,1,1,191,20,3
321546866,654566,1384,1,Replication_Block,Replication,1,1,2,20,4
321546866,654566,1385,1,Replication_Block,Replication,1,1,486,20,5
321546866,654566,1386,1,Replication_Block,Replication,1,1,325,20,6
321546866,654566,1387,1,Replication_Block,Replication,1,1,172,20,7
321546866,654566,1388,1,Replication_Block,Replication,1,1,402,20,8
321546866,654566,1389,1,Replication_Block,Replication,1,1,126,20,9
321546866,654566,1390,1,Replication_Block,Replication,1,1,173,20,10
321546866,654566,1391,1,Replication_Block,Replication,1,1,195,20,11
321546866,654566,1392,1,Replication_Block,Replication,1,1,157,20,12
321546866,654566,1393,1,Replication_Block,Replication,1,1,323,20,13
321546866,654566,1394,1,Replication_Block,Replication,1,1,4,20,14
321546866,654566,1395,1,Replication_Block,Replication,1,1,138,20,15
321546866,654566,1396,1,Replication_Block,Replication,1,1,409,20,16
321546866,654566,1397,1,Replication_Block,Replication,1,1,309,20,17
321546866,654566,1398,1,Replication_Block,Replication,1,1,492,20,18
321546866,654566,1399,1,Replication_Block,Replication,1,1,187,20,19
321546866,654566,1400,1,Replication_Block,Replication,1,1,130,20,20
321546866,654566,1401,1,Replication_Block,Replication,1,1,3,21,1
321546866,654566,1402,1,Replication_Block,Replication,1,1,214,21,2
321546866,654566,1403,1,Replication_Block,Replication,1,1,288,21,3
321546866,654566,1404,1,Replication_Block,Replication,1,1,322,21,4
321546866,654566,1405,1,Replication_Block,Replication,1,1,332,21,5
321546866,654566,1406,1,Replication_Block,Replication,1,1,354,21,6
321546866,654566,1407,1,Replication_Block,Replication,1,1,115,21,7
321546866,654566,1408,1,Replication_Block,Replication,1,1,475,21,8
321546866,654566,1409,1,Replication_Block,Replication,1,1,82,21,9
321546866,654566,1410,1,Replication_Block,Replication,1,1,439,21,10
321546866,654566,1411,1,Replication_Block,Replication,1,1,1,21,11
321546866,654566,1412,1,Replication_Block,Replication,1,1,46,21,12
321546866,654566,1413,1,Replication_Block,Replication,1,1,316,21,13
321546866,654566,1414,1,Replication_Block,Replication,1,1,137,21,14
321546866,654566,1415,1,Replication_Block,Replication,1,1,216,21,15
321546866,654566,1416,1,Replication_Block,Replication,1,1,168,21,16
321546866,654566,1417,1,Replication_Block,Replication,1,1,398,21,17
321546866,654566,1418,1,Replication_Block,Replication,1,1,91,21,18
321546866,654566,1419,1,Replication_Block,Replication,1,1,367,21,19
321546866,654566,1420,1,Replication_Block,Replication,1,1,47,21,20
321546866,654566,1421,1,Replication_Block,Replication,1,1,237,22,1
321546866,654566,1422,1,Replication_Block,Replication,1,1,240,22,2
321546866,654566,1423,1,Replication_Block,Replication,1,1,139,22,3
321546866,654566,1424,1,Replication_Block,Replication,1,1,255,22,4
321546866,654566,1425,1,Replication_Block,Replication,1,1,107,22,5
321546866,654566,1426,1,Replication_Block,Replication,1,1,341,22,6
321546866,654566,1427,1,Replication_Block,Replication,1,1,190,22,7
321546866,654566,1428,1,Replication_Block,Replication,1,1,4,22,8
321546866,654566,1429,1,Replication_Block,Replication,1,1,282,22,9
321546866,654566,1430,1,Replication_Block,Replication,1,1,485,22,10
321546866,654566,1431,1,Replication_Block,Replication,1,1,308,22,11
321546866,654566,1432,1,Replication_Block,Replication,1,1,482,22,12
321546866,654566,1433,1,Replication_Block,Replication,1,1,459,22,13
321546866,654566,1434,1,Replication_Block,Replication,1,1,102,22,14
321546866,654566,1435,1,Replication_Block,Replication,1,1,11,22,15
321546866,654566,1436,1,Replication_Block,Replication,1,1,333,22,16
321546866,654566,1437,1,Replication_Block,Replication,1,1,267,22,17
321546866,654566,1438,1,Replication_Block,Replication,1,1,2,22,18
321546866,654566,1439,1,Replication_Block,Replication,1,1,424,22,19
321546866,654566,1440,1,Replication_Block,Replication,1,1,434,22,20
321546866,654566,1441,1,Replication_Block,Replication,1,1,182,23,1
321546866,654566,1442,1,Replication_Block,Replication,1,1,131,23,2
321546866,654566,1443,1,Replication_Block,Replication,1,1,304,23,3
321546866,654566,1444,1,Replication_Block,Replication,1,1,392,23,4
321546866,654566,1445,1,Replication_Block,Replication,1,1,3,23,5
321546866,654566,1446,1,Replication_Block,Replication,1,1,462,23,6
321546866,654566,1447,1,Replication_Block,Replication,1,1,217,23,7
321546866,654566,1448,1,Replication_Block,Replication,1,1,30,23,8
321546866,654566,1449,1,Replication_Block,Replication,1,1,192,23,9
321546866,654566,1450,1,Replication_Block,Replication,1,1,110,23,10
321546866,654566,1451,1,Replication_Block,Replication,1,1,400,23,11
321546866,654566,1452,1,Replication_Block,Replication,1,1,444,23,12
321546866,654566,1453,1,Replication_Block,Replication,1,1,245,23,13
321546866,654566,1454,1,Replication_Block,Replication,1,1,193,23,14
321546866,654566,1455,1,Replication_Block,Replication,1,1,1,23,15
321546866,654566,1456,1,Replication_Block,Replication,1,1,149,23,16
321546866,654566,1457,1,Replication_Block,Replication,1,1,36,23,17
321546866,654566,1458,1,Replication_Block,Replication,1,1,315,23,18
321546866,654566,1459,1,Replication_Block,Replication,1,1,389,23,19
321546866,654566,1460,1,Replication_Block,Replication,1,1,74,23,20
321546866,654566,1461,1,Replication_Block,Replication,1,1,394,24,1
321546866,654566,1462,1,Replication_Block,Replication,1,1,4,24,2
321546866,654566,1463,1,Replication_Block,Replication,1,1,403,24,3
321546866,654566,1464,1,Replication_Block,Replication,1,1,220,24,4
321546866,654566,1465,1,Replication_Block,Replication,1,1,447,24,5
321546866,654566,1466,1,Replication_Block,Replication,1,1,461,24,6
321546866,654566,1467,1,Replication_Block,Replication,1,1,100,24,7
321546866,654566,1468,1,Replication_Block,Replication,1,1,96,24,8
321546866,654566,1469,1,Replication_Block,Replication,1,1,89,24,9
321546866,654566,1470,1,Replication_Block,Replication,1,1,236,24,10
321546866,654566,1471,1,Replication_Block,Replication,1,1,250,24,11
321546866,654566,1472,1,Replication_Block,Replication,1,1,2,24,12
321546866,654566,1473,1,Replication_Block,Replication,1,1,35,24,13
321546866,654566,1474,1,Replication_Block,Replication,1,1,472,24,14
321546866,654566,1475,1,Replication_Block,Replication,1,1,177,24,15
321546866,654566,1476,1,Replication_Block,Replication,1,1,26,24,16
321546866,654566,1477,1,Replication_Block,Replication,1,1,329,24,17
321546866,654566,1478,1,Replication_Block,Replication,1,1,114,24,18
321546866,654566,1479,1,Replication_Block,Replication,1,1,499,24,19
321546866,654566,1480,1,Replication_Block,Replication,1,1,162,24,20
321546866,654566,1481,1,Replication_Block,Replication,1,1,127,25,1
321546866,654566,1482,1,Replication_Block,Replication,1,1,410,25,2
321546866,654566,1483,1,Replication_Block,Replication,1,1,253,25,3
321546866,654566,1484,1,Replication_Block,Replication,1,1,404,25,4
321546866,654566,1485,1,Replication_Block,Replication,1,1,390,25,5
321546866,654566,1486,1,Replication_Block,Replication,1,1,319,25,6
321546866,654566,1487,1,Replication_Block,Replication,1,1,269,25,7
321546866,654566,1488,1,Replication_Block,Replication,1,1,331,25,8
321546866,654566,1489,1,Replication_Block,Replication,1,1,4,25,9
321546866,654566,1490,1,Replication_Block,Replication,1,1,19,25,10
321546866,654566,1491,1,Replication_Block,Replication,1,1,346,25,11
321546866,654566,1492,1,Replication_Block,Replication,1,1,291,25,12
321546866,654566,1493,1,Replication_Block,Replication,1,1,67,25,13
321546866,654566,1494,1,Replication_Block,Replication,1,1,365,25,14
321546866,654566,1495,1,Replication_Block,Replication,1,1,119,25,15
321546866,654566,1496,1,Replication_Block,Replication,1,1,235,25,16
321546866,654566,1497,1,Replication_Block,Replication,1,1,229,25,17
321546866,654566,1498,1,Replication_Block,Replication,1,1,140,25,18
321546866,654566,1499,1,Replication_Block,Replication,1,1,2,25,19
321546866,654566,1500,1,Replication_Block,Replication,1,1,336,25,20
321546866,654566,1501,1,Replication_Block,Replication,1,1,218,26,1
321546866,654566,1502,1,Replication_Block,Replication,1,1,376,26,2
321546866,654566,1503,1,Replication_Block,Replication,1,1,467,26,3
321546866,654566,1504,1,Replication_Block,Replication,1,1,223,26,4
321546866,654566,1505,1,Replication_Block,Replication,1,1,189,26,5
321546866,654566,1506,1,Replication_Block,Replication,1,1,1,26,6
321546866,654566,1507,1,Replication_Block,Replication,1,1,176,26,7
321546866,654566,1508,1,Replication_Block,Replication,1,1,377,26,8
321546866,654566,1509,1,Replication_Block,Replication,1,1,507,26,9
321546866,654566,1510,1,Replication_Block,Replication,1,1,456,26,10
321546866,654566,1511,1,Replication_Block,Replication,1,1,494,26,11
321546866,654566,1512,1,Replication_Block,Replication,1,1,222,26,12
321546866,654566,1513,1,Replication_Block,Replication,1,1,128,26,13
321546866,654566,1514,1,Replication_Block,Replication,1,1,186,26,14
321546866,654566,1515,1,Replication_Block,Replication,1,1,408,26,15
321546866,654566,1516,1,Replication_Block,Replication,1,1,3,26,16
321546866,654566,1517,1,Replication_Block,Replication,1,1,463,26,17
321546866,654566,1518,1,Replication_Block,Replication,1,1,469,26,18
321546866,654566,1519,1,Replication_Block,Replication,1,1,57,26,19
321546866,654566,1520,1,Replication_Block,Replication,1,1,343,26,20
321546866,654566,1521,1,Replication_Block,Replication,1,1,480,27,1
321546866,654566,1522,1,Replication_Block,Replication,1,1,289,27,2
321546866,654566,1523,1,Replication_Block,Replication,1,1,1,27,3
321546866,654566,1524,1,Replication_Block,Replication,1,1,93,27,4
321546866,654566,1525,1,Replication_Block,Replication,1,1,286,27,5
321546866,654566,1526,1,Replication_Block,Replication,1,1,83,27,6
321546866,654566,1527,1,Replication_Block,Replication,1,1,12,27,7
321546866,654566,1528,1,Replication_Block,Replication,1,1,415,27,8
321546866,654566,1529,1,Replication_Block,Replication,1,1,355,27,9
321546866,654566,1530,1,Replication_Block,Replication,1,1,345,27,10
321546866,654566,1531,1,Replication_Block,Replication,1,1,80,27,11
321546866,654566,1532,1,Replication_Block,Replication,1,1,504,27,12
321546866,654566,1533,1,Replication_Block,Replication,1,1,3,27,13
321546866,654566,1534,1,Replication_Block,Replication,1,1,243,27,14
321546866,654566,1535,1,Replication_Block,Replication,1,1,254,27,15
321546866,654566,1536,1,Replication_Block,Replication,1,1,45,27,16
321546866,654566,1537,1,Replication_Block,Replication,1,1,183,27,17
321546866,654566,1538,1,Replication_Block,Replication,1,1,125,27,18
321546866,654566,1539,1,Replication_Block,Replication,1,1,425,27,19
321546866,654566,1540,1,Replication_Block,Replication,1,1,382,27,20
321546866,654566,1541,1,Replication_Block,Replication,1,1,24,28,1
321546866,654566,1542,1,Replication_Block,Replication,1,1,69,28,2
321546866,654566,1543,1,Replication_Block,Replication,1,1,455,28,3
321546866,654566,1544,1,Replication_Block,Replication,1,1,152,28,4
321546866,654566,1545,1,Replication_Block,Replication,1,1,344,28,5
321546866,654566,1546,1,Replication_Block,Replication,1,1,266,28,6
321546866,654566,1547,1,Replication_Block,Replication,1,1,337,28,7
321546866,654566,1548,1,Replication_Block,Replication,1,1,17,28,8
321546866,654566,1549,1,Replication_Block,Replication,1,1,451,28,9
321546866,654566,1550,1,Replication_Block,Replication,1,1,4,28,10
321546866,654566,1551,1,Replication_Block,Replication,1,1,111,28,11
321546866,654566,1552,1,Replication_Block,Replication,1,1,184,28,12
321546866,654566,1553,1,Replication_Block,Replication,1,1,38,28,13
321546866,654566,1554,1,Replication_Block,Replication,1,1,276,28,14
321546866,654566,1555,1,Replication_Block,Replication,1,1,53,28,15
321546866,654566,1556,1,Replication_Block,Replication,1,1,31,28,16
321546866,654566,1557,1,Replication_Block,Replication,1,1,506,28,17
321546866,654566,1558,1,Replication_Block,Replication,1,1,281,28,18
321546866,654566,1559,1,Replication_Block,Replication,1,1,306,28,19
321546866,654566,1560,1,Replication_Block,Replication,1,1,2,28,20
