,ID,Location,Trial,Germplasm,Plot,Rep,Col,Row,GrYld_Comp_kgha,PlntHt_Av_cm
0,0,Unspecified Location,10122,2RNSGdf13ostf,101,1,1,1,856.61,55.78
1,1,Unspecified Location,10122,2RNSGpwEWiJvP,102,1,2,1,1100.96,104.82
2,2,Unspecified Location,10122,2RNSGSiMwno2Z,103,1,3,1,1101.56,78.38
3,3,Unspecified Location,10122,2RNSG5C79WabI,104,1,4,1,991.99,94.59
4,4,Unspecified Location,10122,2RNSGGUzerCvu,105,1,5,1,1044.48,131.61
5,5,Unspecified Location,10122,2RNSGIC0KLPol,106,1,6,1,886.99,86.65
6,6,Unspecified Location,10122,2RNSGjbd4y8st,201,2,7,1,890.05,99.91
7,7,Unspecified Location,10122,2RNSGRsjcFW43,202,2,8,1,965.7,87.96
8,8,Unspecified Location,10122,2RNSGDkwtg3uR,203,2,9,1,987.87,95.41
9,9,Unspecified Location,10122,2RNSGTCntlER9,204,2,10,1,994.88,107.15
10,10,Unspecified Location,10122,2RNSGHtyLtCRQ,205,2,11,1,1080.92,85.59
11,11,Unspecified Location,10122,2RNSGePhsWzCV,206,2,12,1,1066.77,101.09
12,12,Unspecified Location,10122,2RNSGLrkP989L,301,3,13,1,1044.49,65.25
13,13,Unspecified Location,10122,2RNSGsWD8kzYU,302,3,14,1,1010.88,87.58
14,14,Unspecified Location,10122,2RNSGpwEWiJvP,303,3,15,1,1024.24,100.17
15,15,Unspecified Location,10122,2RNSG906QRshk,304,3,16,1,1031.11,83.91
16,16,Unspecified Location,10122,2RNSGfHAxCkhN,305,3,17,1,865.95,94.22
17,17,Unspecified Location,10122,2RNSG5C79WabI,306,3,18,1,967.37,98.92
18,18,Unspecified Location,10122,2RNSG8G8tC8a5,112,1,1,2,983.73,91.57
19,19,Unspecified Location,10122,2RNSGUwRFGPSQ,111,1,2,2,1197.85,96.98
20,20,Unspecified Location,10122,2RNSGjbd4y8st,110,1,3,2,899.22,76.76
21,21,Unspecified Location,10122,2RNSG3TaWq0e1,109,1,4,2,996.87,79.84
22,22,Unspecified Location,10122,2RNSGAUFviTQj,108,1,5,2,924.27,71.27
23,23,Unspecified Location,10122,2RNSG2mpxDNcT,107,1,6,2,1107.97,105.86
24,24,Unspecified Location,10122,2RNSG9oDI3naa,212,2,7,2,954.47,90.55
25,25,Unspecified Location,10122,2RNSG5e7xvEsK,211,2,8,2,916.56,111.1
26,26,Unspecified Location,10122,2RNSG5C79WabI,210,2,9,2,987.27,76.95
27,27,Unspecified Location,10122,2RNSGojIDyrL2,209,2,10,2,741.19,99.86
28,28,Unspecified Location,10122,2RNSGLck9xigF,208,2,11,2,1142.04,89.74
29,29,Unspecified Location,10122,2RNSGfXn5MFeW,207,2,12,2,881.99,115.56
30,30,Unspecified Location,10122,2RNSGLNJZalPm,312,3,13,2,942.75,73.33
31,31,Unspecified Location,10122,2RNSGjbujyRYx,311,3,14,2,1013.84,84.29
32,32,Unspecified Location,10122,2RNSGTCntlER9,310,3,15,2,1080.62,88.74
33,33,Unspecified Location,10122,2RNSG3TaWq0e1,309,3,16,2,908.67,111.23
34,34,Unspecified Location,10122,2RNSGmRhLFmqL,308,3,17,2,1004.83,63.98
35,35,Unspecified Location,10122,2RNSGePhsWzCV,307,3,18,2,1108.94,64.81
36,36,Unspecified Location,10122,2RNSGZXEPhhfC,113,1,1,3,1142.48,70.4
37,37,Unspecified Location,10122,2RNSGKBESy1CA,114,1,2,3,803.73,89.1
38,38,Unspecified Location,10122,2RNSGR5o4Whmx,115,1,3,3,1116.68,74.44
39,39,Unspecified Location,10122,2RNSGojIDyrL2,116,1,4,3,844.57,89.49
40,40,Unspecified Location,10122,2RNSG0ZlBB2bD,117,1,5,3,1099.96,114.67
41,41,Unspecified Location,10122,2RNSG4kquIbra,118,1,6,3,1047.68,99.63
42,42,Unspecified Location,10122,2RNSGaZe2A0Ub,213,2,7,3,1113.37,117.15
43,43,Unspecified Location,10122,2RNSG906QRshk,214,2,8,3,994.87,70.44
44,44,Unspecified Location,10122,2RNSGAUFviTQj,215,2,9,3,830.65,114.48
45,45,Unspecified Location,10122,2RNSGewwFbuKN,216,2,10,3,1005.62,90.35
46,46,Unspecified Location,10122,2RNSGknEU6tPg,217,2,11,3,1034.4,118.77
47,47,Unspecified Location,10122,2RNSGgG4pvp4J,218,2,12,3,932.12,75.57
48,48,Unspecified Location,10122,2RNSG5e7xvEsK,313,3,13,3,916.95,77.43
49,49,Unspecified Location,10122,2RNSGWzAhrJ65,314,3,14,3,1053.25,75.74
50,50,Unspecified Location,10122,2RNSGR5o4Whmx,315,3,15,3,929.21,99.87
51,51,Unspecified Location,10122,2RNSGzX8owVWQ,316,3,16,3,1163.67,92.02
52,52,Unspecified Location,10122,2RNSGknEU6tPg,317,3,17,3,1031.07,104.79
53,53,Unspecified Location,10122,2RNSGEXIoEFps,318,3,18,3,983.5,79.51
54,54,Unspecified Location,10122,2RNSGN8v7uFET,124,1,1,4,1222.63,80.31
55,55,Unspecified Location,10122,2RNSGLck9xigF,123,1,2,4,1181.33,74.77
56,56,Unspecified Location,10122,2RNSGRPANXshB,122,1,3,4,939.98,89
57,57,Unspecified Location,10122,2RNSGe8UzkKIe,121,1,4,4,1043.57,80.93
58,58,Unspecified Location,10122,2RNSGnUbDHEdz,120,1,5,4,1117.31,96.84
59,59,Unspecified Location,10122,2RNSGfHAxCkhN,119,1,6,4,1000.72,98.28
60,60,Unspecified Location,10122,2RNSGRPANXshB,224,2,7,4,998.42,87.15
61,61,Unspecified Location,10122,2RNSGLNJZalPm,223,2,8,4,996.7,88.92
62,62,Unspecified Location,10122,2RNSGmRhLFmqL,222,2,9,4,1063.67,83.97
63,63,Unspecified Location,10122,2RNSG4kquIbra,221,2,10,4,1059.13,85.83
64,64,Unspecified Location,10122,2RNSGSiMwno2Z,220,2,11,4,1159.43,97.11
65,65,Unspecified Location,10122,2RNSGHIYxOI4B,219,2,12,4,875.79,115.78
66,66,Unspecified Location,10122,2RNSGIxa4GsN3,324,3,13,4,1031,82.03
67,67,Unspecified Location,10122,2RNSGaZe2A0Ub,323,3,14,4,1187.38,64.86
68,68,Unspecified Location,10122,2RNSGDBfc51bE,322,3,15,4,957.87,98.24
69,69,Unspecified Location,10122,2RNSGMWOtL8WW,321,3,16,4,1128.04,108.84
70,70,Unspecified Location,10122,2RNSGz7ATP0nS,320,3,17,4,1109.82,105.47
71,71,Unspecified Location,10122,2RNSGgG4pvp4J,319,3,18,4,964.77,91.01
72,72,Unspecified Location,10122,2RNSG9oDI3naa,125,1,1,5,956.88,81.26
73,73,Unspecified Location,10122,2RNSGmRhLFmqL,126,1,2,5,1079.75,107.86
74,74,Unspecified Location,10122,2RNSGLNJZalPm,127,1,3,5,992.02,77.42
75,75,Unspecified Location,10122,2RNSG0zMqxChH,128,1,4,5,1096.5,91.7
76,76,Unspecified Location,10122,2RNSGtIpUXySs,129,1,5,5,963.3,88.51
77,77,Unspecified Location,10122,2RNSGWzAhrJ65,130,1,6,5,1095.35,69.26
78,78,Unspecified Location,10122,2RNSGFWXXuujv,225,2,7,5,898.86,95.37
79,79,Unspecified Location,10122,2RNSGUyjKZPcV,226,2,8,5,1117.57,96.92
80,80,Unspecified Location,10122,2RNSGLrkP989L,227,2,9,5,1132.11,98.94
81,81,Unspecified Location,10122,2RNSGtIpUXySs,228,2,10,5,989.72,88.96
82,82,Unspecified Location,10122,2RNSG5aCj3Qpx,229,2,11,5,1070.35,78.4
83,83,Unspecified Location,10122,2RNSGGUzerCvu,230,2,12,5,1004.94,101.77
84,84,Unspecified Location,10122,2RNSGojIDyrL2,325,3,13,5,786.87,118.73
85,85,Unspecified Location,10122,2RNSGdvhWsSCl,326,3,14,5,1089.83,107.1
86,86,Unspecified Location,10122,2RNSG9oDI3naa,327,3,15,5,1044.47,78.33
87,87,Unspecified Location,10122,2RNSGRPANXshB,328,3,16,5,971.03,95.23
88,88,Unspecified Location,10122,2RNSGjbd4y8st,329,3,17,5,972.78,89.95
89,89,Unspecified Location,10122,2RNSGAUFviTQj,330,3,18,5,915.94,80.68
90,90,Unspecified Location,10122,2RNSG906QRshk,136,1,1,6,1054.71,60.77
91,91,Unspecified Location,10122,2RNSGePhsWzCV,135,1,2,6,1122.42,76.2
92,92,Unspecified Location,10122,2RNSGHIYxOI4B,134,1,3,6,884.26,64.99
93,93,Unspecified Location,10122,2RNSGRT8qu25w,133,1,4,6,1083.56,88.97
94,94,Unspecified Location,10122,2RNSGIxa4GsN3,132,1,5,6,1052.82,113.32
95,95,Unspecified Location,10122,2RNSGRsjcFW43,131,1,6,6,968.85,100.88
96,96,Unspecified Location,10122,2RNSGN8v7uFET,236,2,7,6,1102.85,93.71
97,97,Unspecified Location,10122,2RNSGsWD8kzYU,235,2,8,6,1054.73,74.02
98,98,Unspecified Location,10122,2RNSGjbujyRYx,234,2,9,6,1044.08,79.35
99,99,Unspecified Location,10122,2RNSGRT8qu25w,233,2,10,6,996.46,89.34
100,100,Unspecified Location,10122,2RNSGX3v2qYYg,232,2,11,6,1049.71,107.04
101,101,Unspecified Location,10122,2RNSGe8UzkKIe,231,2,12,6,1050.16,75.54
102,102,Unspecified Location,10122,2RNSGKBESy1CA,336,3,13,6,657.55,84.63
103,103,Unspecified Location,10122,2RNSGricel258,335,3,14,6,1187.55,59.49
104,104,Unspecified Location,10122,2RNSGfXn5MFeW,334,3,15,6,932.93,91.95
105,105,Unspecified Location,10122,2RNSG0zMqxChH,333,3,16,6,1076.34,65.53
106,106,Unspecified Location,10122,2RNSGFWXXuujv,332,3,17,6,922.12,85.88
107,107,Unspecified Location,10122,2RNSGDkwtg3uR,331,3,18,6,1020.75,86.46
108,108,Unspecified Location,10122,2RNSGTCntlER9,137,1,1,7,1103.57,83.95
109,109,Unspecified Location,10122,2RNSGLrkP989L,138,1,2,7,1105.81,108.95
110,110,Unspecified Location,10122,2RNSGsWD8kzYU,139,1,3,7,1047.81,70.66
111,111,Unspecified Location,10122,2RNSGMWOtL8WW,140,1,4,7,1146.81,86.89
112,112,Unspecified Location,10122,2RNSGX3v2qYYg,141,1,5,7,1062.84,82.85
113,113,Unspecified Location,10122,2RNSGFWXXuujv,142,1,6,7,935.95,96.96
114,114,Unspecified Location,10122,2RNSGdvhWsSCl,237,2,7,7,1115.59,89.93
115,115,Unspecified Location,10122,2RNSGIxa4GsN3,238,2,8,7,981.97,95.9
116,116,Unspecified Location,10122,2RNSGR5o4Whmx,239,2,9,7,976.36,92.34
117,117,Unspecified Location,10122,2RNSGz7ATP0nS,240,2,10,7,1112.9,104.6
118,118,Unspecified Location,10122,2RNSGYBRrXjHw,241,2,11,7,1151.86,101.42
119,119,Unspecified Location,10122,2RNSGfHAxCkhN,242,2,12,7,900.63,127.34
120,120,Unspecified Location,10122,2RNSGLck9xigF,337,3,13,7,1218.06,94.95
121,121,Unspecified Location,10122,2RNSGRsjcFW43,338,3,14,7,950.47,62.38
122,122,Unspecified Location,10122,2RNSG2mpxDNcT,339,3,15,7,1097.3,98.24
123,123,Unspecified Location,10122,2RNSGRT8qu25w,340,3,16,7,1026.55,75.03
124,124,Unspecified Location,10122,2RNSGe8UzkKIe,341,3,17,7,1088.87,84.67
125,125,Unspecified Location,10122,2RNSGtIpUXySs,342,3,18,7,1076.87,98.8
126,126,Unspecified Location,10122,2RNSGEXIoEFps,148,1,1,8,1008.74,96.24
127,127,Unspecified Location,10122,2RNSGricel258,147,1,2,8,1123.37,89.58
128,128,Unspecified Location,10122,2RNSGknEU6tPg,146,1,3,8,1052.13,102.32
129,129,Unspecified Location,10122,2RNSGfXn5MFeW,145,1,4,8,948.78,84.47
130,130,Unspecified Location,10122,2RNSGz7ATP0nS,144,1,5,8,1089.43,104.58
131,131,Unspecified Location,10122,2RNSGHtyLtCRQ,143,1,6,8,1132.29,99.5
132,132,Unspecified Location,10122,2RNSGZXEPhhfC,248,2,7,8,1057.1,87.43
133,133,Unspecified Location,10122,2RNSG0zMqxChH,247,2,8,8,1065.59,78.11
134,134,Unspecified Location,10122,2RNSGzX8owVWQ,246,2,9,8,1155.48,123.51
135,135,Unspecified Location,10122,2RNSG3TaWq0e1,245,2,10,8,905.3,100.91
136,136,Unspecified Location,10122,2RNSGpwEWiJvP,244,2,11,8,991.45,74.75
137,137,Unspecified Location,10122,2RNSGMWOtL8WW,243,2,12,8,1095,83.24
138,138,Unspecified Location,10122,2RNSGUyjKZPcV,348,3,13,8,1119.65,84.7
139,139,Unspecified Location,10122,2RNSG0ZlBB2bD,347,3,14,8,1016.18,88.4
140,140,Unspecified Location,10122,2RNSGnUbDHEdz,346,3,15,8,1086.59,105.53
141,141,Unspecified Location,10122,2RNSGZXEPhhfC,345,3,16,8,1040.97,80.42
142,142,Unspecified Location,10122,2RNSGYBRrXjHw,344,3,17,8,1099.81,86.45
143,143,Unspecified Location,10122,2RNSG5aCj3Qpx,343,3,18,8,1081.51,71.08
144,144,Unspecified Location,10122,2RNSGdvhWsSCl,149,1,1,9,1097.88,88.92
145,145,Unspecified Location,10122,2RNSGgG4pvp4J,150,1,2,9,1018.19,73.08
146,146,Unspecified Location,10122,2RNSGDBfc51bE,151,1,3,9,1004.92,82.58
147,147,Unspecified Location,10122,2RNSGewwFbuKN,152,1,4,9,1049.76,81.07
148,148,Unspecified Location,10122,2RNSGYBRrXjHw,153,1,5,9,1119.75,110.86
149,149,Unspecified Location,10122,2RNSGaZe2A0Ub,154,1,6,9,1144.04,103.99
150,150,Unspecified Location,10122,2RNSGKBESy1CA,249,2,7,9,750.56,105.94
151,151,Unspecified Location,10122,2RNSG0ZlBB2bD,250,2,8,9,1075.52,78.22
152,152,Unspecified Location,10122,2RNSGricel258,251,2,9,9,1190.33,102.16
153,153,Unspecified Location,10122,2RNSGdf13ostf,252,2,10,9,768.41,104.52
154,154,Unspecified Location,10122,2RNSGEXIoEFps,253,2,11,9,1055.39,87.2
155,155,Unspecified Location,10122,2RNSG8G8tC8a5,254,2,12,9,982.36,123.54
156,156,Unspecified Location,10122,2RNSGGUzerCvu,349,3,13,9,971.71,87.78
157,157,Unspecified Location,10122,2RNSGN8v7uFET,350,3,14,9,1114.32,87.91
158,158,Unspecified Location,10122,2RNSGX3v2qYYg,351,3,15,9,1043.52,106.46
159,159,Unspecified Location,10122,2RNSGHtyLtCRQ,352,3,16,9,1132.66,75.96
160,160,Unspecified Location,10122,2RNSGHIYxOI4B,353,3,17,9,787.75,94.69
161,161,Unspecified Location,10122,2RNSGUwRFGPSQ,354,3,18,9,1200.11,99.01
162,162,Unspecified Location,10122,2RNSGDkwtg3uR,160,1,1,10,1081.87,86.46
163,163,Unspecified Location,10122,2RNSG5aCj3Qpx,159,1,2,10,1107.41,87.91
164,164,Unspecified Location,10122,2RNSG5e7xvEsK,158,1,3,10,933.9,94.22
165,165,Unspecified Location,10122,2RNSGzX8owVWQ,157,1,4,10,1195.62,72.37
166,166,Unspecified Location,10122,2RNSGUyjKZPcV,156,1,5,10,1101.35,116.17
167,167,Unspecified Location,10122,2RNSGjbujyRYx,155,1,6,10,1052.2,83.61
168,168,Unspecified Location,10122,2RNSG2mpxDNcT,260,2,7,10,1138.01,115.93
169,169,Unspecified Location,10122,2RNSGDBfc51bE,259,2,8,10,965.31,95.43
170,170,Unspecified Location,10122,2RNSGIC0KLPol,258,2,9,10,822.12,111.72
171,171,Unspecified Location,10122,2RNSGUwRFGPSQ,257,2,10,10,1204.74,68.86
172,172,Unspecified Location,10122,2RNSGWzAhrJ65,256,2,11,10,1077.6,114.73
173,173,Unspecified Location,10122,2RNSGnUbDHEdz,255,2,12,10,1091.77,95.65
174,174,Unspecified Location,10122,2RNSGdf13ostf,360,3,13,10,859.92,88.54
175,175,Unspecified Location,10122,2RNSGIC0KLPol,359,3,14,10,931.57,99.64
176,176,Unspecified Location,10122,2RNSGewwFbuKN,358,3,15,10,1063.29,88.44
177,177,Unspecified Location,10122,2RNSGSiMwno2Z,357,3,16,10,1094.61,107.01
178,178,Unspecified Location,10122,2RNSG8G8tC8a5,356,3,17,10,1039.56,101.42
179,179,Unspecified Location,10122,2RNSG4kquIbra,355,3,18,10,985.93,97.56
180,180,ILCI_EBS_TestSite,10122,2RNSG0zMqxChH,101,1,1,1,1068.95,73.82
181,181,ILCI_EBS_TestSite,10122,2RNSGDkwtg3uR,102,1,2,1,1036.04,94.33
182,182,ILCI_EBS_TestSite,10122,2RNSGz7ATP0nS,103,1,3,1,1066.98,102.12
183,183,ILCI_EBS_TestSite,10122,2RNSGricel258,104,1,4,1,1104.15,79.16
184,184,ILCI_EBS_TestSite,10122,2RNSGLNJZalPm,105,1,5,1,905.79,125.43
185,185,ILCI_EBS_TestSite,10122,2RNSGLck9xigF,106,1,6,1,1149.17,87.29
186,186,ILCI_EBS_TestSite,10122,2RNSGLNJZalPm,201,2,7,1,1028.91,85.58
187,187,ILCI_EBS_TestSite,10122,2RNSGKBESy1CA,202,2,8,1,750.92,104.9
188,188,ILCI_EBS_TestSite,10122,2RNSGjbujyRYx,203,2,9,1,1103.59,77.3
189,189,ILCI_EBS_TestSite,10122,2RNSGdf13ostf,204,2,10,1,759.43,103.79
190,190,ILCI_EBS_TestSite,10122,2RNSGX3v2qYYg,205,2,11,1,1069.64,77.85
191,191,ILCI_EBS_TestSite,10122,2RNSGDkwtg3uR,206,2,12,1,975.32,83.34
192,192,ILCI_EBS_TestSite,10122,2RNSGdvhWsSCl,301,3,13,1,1012.26,90.86
193,193,ILCI_EBS_TestSite,10122,2RNSG9oDI3naa,302,3,14,1,956.26,92.47
194,194,ILCI_EBS_TestSite,10122,2RNSG0zMqxChH,303,3,15,1,1112.39,113.94
195,195,ILCI_EBS_TestSite,10122,2RNSGKBESy1CA,304,3,16,1,692.24,101.67
196,196,ILCI_EBS_TestSite,10122,2RNSGDkwtg3uR,305,3,17,1,1041.55,95.44
197,197,ILCI_EBS_TestSite,10122,2RNSGEXIoEFps,306,3,18,1,1035.07,97.19
198,198,ILCI_EBS_TestSite,10122,2RNSGRPANXshB,112,1,1,2,946.01,77.48
199,199,ILCI_EBS_TestSite,10122,2RNSG5C79WabI,111,1,2,2,1003.61,99.93
200,200,ILCI_EBS_TestSite,10122,2RNSGe8UzkKIe,110,1,3,2,1056.93,79.15
201,201,ILCI_EBS_TestSite,10122,2RNSGaZe2A0Ub,109,1,4,2,1155.1,97.72
202,202,ILCI_EBS_TestSite,10122,2RNSGIxa4GsN3,108,1,5,2,996.26,107.99
203,203,ILCI_EBS_TestSite,10122,2RNSGWzAhrJ65,107,1,6,2,1096.17,84.19
204,204,ILCI_EBS_TestSite,10122,2RNSG8G8tC8a5,212,2,7,2,1065.57,80.06
205,205,ILCI_EBS_TestSite,10122,2RNSGfXn5MFeW,211,2,8,2,991.44,93.23
206,206,ILCI_EBS_TestSite,10122,2RNSGGUzerCvu,210,2,9,2,1044.18,87.23
207,207,ILCI_EBS_TestSite,10122,2RNSGfHAxCkhN,209,2,10,2,911.95,108.45
208,208,ILCI_EBS_TestSite,10122,2RNSGUyjKZPcV,208,2,11,2,1129.5,91.81
209,209,ILCI_EBS_TestSite,10122,2RNSGgG4pvp4J,207,2,12,2,1006.88,87.87
210,210,ILCI_EBS_TestSite,10122,2RNSGYBRrXjHw,312,3,13,2,1089.08,103.18
211,211,ILCI_EBS_TestSite,10122,2RNSGLrkP989L,311,3,14,2,1094.8,88.84
212,212,ILCI_EBS_TestSite,10122,2RNSGePhsWzCV,310,3,15,2,1061.67,95.84
213,213,ILCI_EBS_TestSite,10122,2RNSGsWD8kzYU,309,3,16,2,1081.83,122.85
214,214,ILCI_EBS_TestSite,10122,2RNSGZXEPhhfC,308,3,17,2,1094.38,106.66
215,215,ILCI_EBS_TestSite,10122,2RNSGojIDyrL2,307,3,18,2,763.83,89.47
216,216,ILCI_EBS_TestSite,10122,2RNSGUwRFGPSQ,113,1,1,3,1189.43,88.32
217,217,ILCI_EBS_TestSite,10122,2RNSG2mpxDNcT,114,1,2,3,1099.62,85.59
218,218,ILCI_EBS_TestSite,10122,2RNSGdf13ostf,115,1,3,3,817.91,69.8
219,219,ILCI_EBS_TestSite,10122,2RNSGfXn5MFeW,116,1,4,3,1035.2,125.66
220,220,ILCI_EBS_TestSite,10122,2RNSG4kquIbra,117,1,5,3,1095.51,85.5
221,221,ILCI_EBS_TestSite,10122,2RNSGHIYxOI4B,118,1,6,3,890.2,79.96
222,222,ILCI_EBS_TestSite,10122,2RNSGUwRFGPSQ,213,2,7,3,1159.19,70.72
223,223,ILCI_EBS_TestSite,10122,2RNSGZXEPhhfC,214,2,8,3,1085.51,111.97
224,224,ILCI_EBS_TestSite,10122,2RNSG4kquIbra,215,2,9,3,1028.92,67.62
225,225,ILCI_EBS_TestSite,10122,2RNSGR5o4Whmx,216,2,10,3,1015.5,87.35
226,226,ILCI_EBS_TestSite,10122,2RNSG0zMqxChH,217,2,11,3,1094.15,80.78
227,227,ILCI_EBS_TestSite,10122,2RNSGWzAhrJ65,218,2,12,3,1140.18,81.53
228,228,ILCI_EBS_TestSite,10122,2RNSGricel258,313,3,13,3,1167.18,83.61
229,229,ILCI_EBS_TestSite,10122,2RNSGIxa4GsN3,314,3,14,3,993.35,99.46
230,230,ILCI_EBS_TestSite,10122,2RNSGUwRFGPSQ,315,3,15,3,1191.73,118.11
231,231,ILCI_EBS_TestSite,10122,2RNSGtIpUXySs,316,3,16,3,1060.06,95.34
232,232,ILCI_EBS_TestSite,10122,2RNSGdf13ostf,317,3,17,3,769.1,99.12
233,233,ILCI_EBS_TestSite,10122,2RNSGAUFviTQj,318,3,18,3,909.87,87.6
234,234,ILCI_EBS_TestSite,10122,2RNSGojIDyrL2,124,1,1,4,749.57,83.37
235,235,ILCI_EBS_TestSite,10122,2RNSGHtyLtCRQ,123,1,2,4,1189.43,75.35
236,236,ILCI_EBS_TestSite,10122,2RNSGzX8owVWQ,122,1,3,4,1209.01,101.34
237,237,ILCI_EBS_TestSite,10122,2RNSGR5o4Whmx,121,1,4,4,1030.52,94.25
238,238,ILCI_EBS_TestSite,10122,2RNSGKBESy1CA,120,1,5,4,791.37,89.04
239,239,ILCI_EBS_TestSite,10122,2RNSGknEU6tPg,119,1,6,4,1176.57,90.28
240,240,ILCI_EBS_TestSite,10122,2RNSG906QRshk,224,2,7,4,1035.33,95.48
241,241,ILCI_EBS_TestSite,10122,2RNSGsWD8kzYU,223,2,8,4,1083.96,89.53
242,242,ILCI_EBS_TestSite,10122,2RNSG0ZlBB2bD,222,2,9,4,1114.89,85.29
243,243,ILCI_EBS_TestSite,10122,2RNSGFWXXuujv,221,2,10,4,946.96,81.7
244,244,ILCI_EBS_TestSite,10122,2RNSGmRhLFmqL,220,2,11,4,1169.09,80.06
245,245,ILCI_EBS_TestSite,10122,2RNSGojIDyrL2,219,2,12,4,813.52,98.97
246,246,ILCI_EBS_TestSite,10122,2RNSG5aCj3Qpx,324,3,13,4,1107.48,77.33
247,247,ILCI_EBS_TestSite,10122,2RNSGSiMwno2Z,323,3,14,4,1108.41,89.38
248,248,ILCI_EBS_TestSite,10122,2RNSGzX8owVWQ,322,3,15,4,1234.31,111.88
249,249,ILCI_EBS_TestSite,10122,2RNSGWzAhrJ65,321,3,16,4,1107.52,80
250,250,ILCI_EBS_TestSite,10122,2RNSGjbujyRYx,320,3,17,4,1033.78,91.08
251,251,ILCI_EBS_TestSite,10122,2RNSGMWOtL8WW,319,3,18,4,1147.54,97.05
252,252,ILCI_EBS_TestSite,10122,2RNSGsWD8kzYU,125,1,1,5,1145.44,92.42
253,253,ILCI_EBS_TestSite,10122,2RNSGfHAxCkhN,126,1,2,5,932.89,96.23
254,254,ILCI_EBS_TestSite,10122,2RNSGdvhWsSCl,127,1,3,5,1096.67,95.17
255,255,ILCI_EBS_TestSite,10122,2RNSGEXIoEFps,128,1,4,5,1072.95,90.53
256,256,ILCI_EBS_TestSite,10122,2RNSG9oDI3naa,129,1,5,5,1031.73,94.19
257,257,ILCI_EBS_TestSite,10122,2RNSG5e7xvEsK,130,1,6,5,968.85,91.61
258,258,ILCI_EBS_TestSite,10122,2RNSGz7ATP0nS,225,2,7,5,1080.95,72.97
259,259,ILCI_EBS_TestSite,10122,2RNSGtIpUXySs,226,2,8,5,989.97,127.21
260,260,ILCI_EBS_TestSite,10122,2RNSGRsjcFW43,227,2,9,5,1023.11,76.12
261,261,ILCI_EBS_TestSite,10122,2RNSG2mpxDNcT,228,2,10,5,1141.96,83.79
262,262,ILCI_EBS_TestSite,10122,2RNSGIxa4GsN3,229,2,11,5,1037.27,96.14
263,263,ILCI_EBS_TestSite,10122,2RNSGEXIoEFps,230,2,12,5,1116.44,91.43
264,264,ILCI_EBS_TestSite,10122,2RNSG0ZlBB2bD,325,3,13,5,1132.1,93.36
265,265,ILCI_EBS_TestSite,10122,2RNSG5C79WabI,326,3,14,5,999.42,102.12
266,266,ILCI_EBS_TestSite,10122,2RNSGewwFbuKN,327,3,15,5,1057.93,88.56
267,267,ILCI_EBS_TestSite,10122,2RNSGRsjcFW43,328,3,16,5,989.89,99.23
268,268,ILCI_EBS_TestSite,10122,2RNSGTCntlER9,329,3,17,5,1107.77,66.5
269,269,ILCI_EBS_TestSite,10122,2RNSGHIYxOI4B,330,3,18,5,849.45,92.33
270,270,ILCI_EBS_TestSite,10122,2RNSGUyjKZPcV,136,1,1,6,1174.55,105.31
271,271,ILCI_EBS_TestSite,10122,2RNSGpwEWiJvP,135,1,2,6,1040.66,80.97
272,272,ILCI_EBS_TestSite,10122,2RNSG906QRshk,134,1,3,6,1037.29,68.26
273,273,ILCI_EBS_TestSite,10122,2RNSGZXEPhhfC,133,1,4,6,1101.39,92.83
274,274,ILCI_EBS_TestSite,10122,2RNSGN8v7uFET,132,1,5,6,1106.38,63.02
275,275,ILCI_EBS_TestSite,10122,2RNSG5aCj3Qpx,131,1,6,6,1044.09,116.19
276,276,ILCI_EBS_TestSite,10122,2RNSG3TaWq0e1,236,2,7,6,917.86,80.36
277,277,ILCI_EBS_TestSite,10122,2RNSGknEU6tPg,235,2,8,6,1111.24,70.06
278,278,ILCI_EBS_TestSite,10122,2RNSGAUFviTQj,234,2,9,6,921.04,107.31
279,279,ILCI_EBS_TestSite,10122,2RNSG5C79WabI,233,2,10,6,999.57,102.48
280,280,ILCI_EBS_TestSite,10122,2RNSGDBfc51bE,232,2,11,6,957.5,82.81
281,281,ILCI_EBS_TestSite,10122,2RNSGLrkP989L,231,2,12,6,1118.52,86.25
282,282,ILCI_EBS_TestSite,10122,2RNSGLck9xigF,336,3,13,6,1193.38,79.03
283,283,ILCI_EBS_TestSite,10122,2RNSGpwEWiJvP,335,3,14,6,1075.14,105.72
284,284,ILCI_EBS_TestSite,10122,2RNSGLNJZalPm,334,3,15,6,996.79,66.31
285,285,ILCI_EBS_TestSite,10122,2RNSGGUzerCvu,333,3,16,6,1028.91,105.81
286,286,ILCI_EBS_TestSite,10122,2RNSGfHAxCkhN,332,3,17,6,930.83,96.45
287,287,ILCI_EBS_TestSite,10122,2RNSGDBfc51bE,331,3,18,6,1003.91,71.02
288,288,ILCI_EBS_TestSite,10122,2RNSGFWXXuujv,137,1,1,7,905.2,82.44
289,289,ILCI_EBS_TestSite,10122,2RNSGRsjcFW43,138,1,2,7,1031.29,83.75
290,290,ILCI_EBS_TestSite,10122,2RNSGMWOtL8WW,139,1,3,7,1135.26,101.52
291,291,ILCI_EBS_TestSite,10122,2RNSGgG4pvp4J,140,1,4,7,938.54,116.26
292,292,ILCI_EBS_TestSite,10122,2RNSGRT8qu25w,141,1,5,7,997.13,66.4
293,293,ILCI_EBS_TestSite,10122,2RNSGewwFbuKN,142,1,6,7,1007.02,95.76
294,294,ILCI_EBS_TestSite,10122,2RNSGePhsWzCV,237,2,7,7,1092.54,88.06
295,295,ILCI_EBS_TestSite,10122,2RNSG5aCj3Qpx,238,2,8,7,1069.53,92.04
296,296,ILCI_EBS_TestSite,10122,2RNSGricel258,239,2,9,7,1101.45,82.32
297,297,ILCI_EBS_TestSite,10122,2RNSGdvhWsSCl,240,2,10,7,1038.33,89.17
298,298,ILCI_EBS_TestSite,10122,2RNSGMWOtL8WW,241,2,11,7,1058.94,98.68
299,299,ILCI_EBS_TestSite,10122,2RNSGnUbDHEdz,242,2,12,7,1004.78,63.33
300,300,ILCI_EBS_TestSite,10122,2RNSGX3v2qYYg,337,3,13,7,1026.98,98.36
301,301,ILCI_EBS_TestSite,10122,2RNSGe8UzkKIe,338,3,14,7,1041.92,106.49
302,302,ILCI_EBS_TestSite,10122,2RNSGIC0KLPol,339,3,15,7,848.92,99.02
303,303,ILCI_EBS_TestSite,10122,2RNSGz7ATP0nS,340,3,16,7,1095.86,74.69
304,304,ILCI_EBS_TestSite,10122,2RNSGR5o4Whmx,341,3,17,7,975.6,78.17
305,305,ILCI_EBS_TestSite,10122,2RNSGknEU6tPg,342,3,18,7,1081.97,91.7
306,306,ILCI_EBS_TestSite,10122,2RNSGLrkP989L,148,1,1,8,1117.16,110.07
307,307,ILCI_EBS_TestSite,10122,2RNSGePhsWzCV,147,1,2,8,1072.85,99.75
308,308,ILCI_EBS_TestSite,10122,2RNSGnUbDHEdz,146,1,3,8,1103.23,96.77
309,309,ILCI_EBS_TestSite,10122,2RNSGmRhLFmqL,145,1,4,8,1035.84,85.44
310,310,ILCI_EBS_TestSite,10122,2RNSG0ZlBB2bD,144,1,5,8,1114.36,87.48
311,311,ILCI_EBS_TestSite,10122,2RNSG8G8tC8a5,143,1,6,8,1053.85,83.27
312,312,ILCI_EBS_TestSite,10122,2RNSGRT8qu25w,248,2,7,8,1069.87,62.19
313,313,ILCI_EBS_TestSite,10122,2RNSGHIYxOI4B,247,2,8,8,872.98,103.73
314,314,ILCI_EBS_TestSite,10122,2RNSG9oDI3naa,246,2,9,8,1083.54,69.99
315,315,ILCI_EBS_TestSite,10122,2RNSGewwFbuKN,245,2,10,8,1015.69,85.65
316,316,ILCI_EBS_TestSite,10122,2RNSGaZe2A0Ub,244,2,11,8,1132.2,65.01
317,317,ILCI_EBS_TestSite,10122,2RNSGLck9xigF,243,2,12,8,1120.88,102.05
318,318,ILCI_EBS_TestSite,10122,2RNSG2mpxDNcT,348,3,13,8,1158.24,87.26
319,319,ILCI_EBS_TestSite,10122,2RNSGjbd4y8st,347,3,14,8,932.73,85.31
320,320,ILCI_EBS_TestSite,10122,2RNSGN8v7uFET,346,3,15,8,1203.36,111.32
321,321,ILCI_EBS_TestSite,10122,2RNSG5e7xvEsK,345,3,16,8,945.57,73.15
322,322,ILCI_EBS_TestSite,10122,2RNSGaZe2A0Ub,344,3,17,8,1162.41,71.81
323,323,ILCI_EBS_TestSite,10122,2RNSGUyjKZPcV,343,3,18,8,1152.06,91.71
324,324,ILCI_EBS_TestSite,10122,2RNSGjbd4y8st,149,1,1,9,899.97,85.56
325,325,ILCI_EBS_TestSite,10122,2RNSGSiMwno2Z,150,1,2,9,1094.22,70.23
326,326,ILCI_EBS_TestSite,10122,2RNSGDBfc51bE,151,1,3,9,1005.89,100.13
327,327,ILCI_EBS_TestSite,10122,2RNSGX3v2qYYg,152,1,4,9,1118.79,90.45
328,328,ILCI_EBS_TestSite,10122,2RNSGtIpUXySs,153,1,5,9,1069.42,79.05
329,329,ILCI_EBS_TestSite,10122,2RNSGIC0KLPol,154,1,6,9,931.82,84.68
330,330,ILCI_EBS_TestSite,10122,2RNSGHtyLtCRQ,249,2,7,9,1187.08,79.11
331,331,ILCI_EBS_TestSite,10122,2RNSGe8UzkKIe,250,2,8,9,1057.38,54.48
332,332,ILCI_EBS_TestSite,10122,2RNSGTCntlER9,251,2,9,9,1064.33,64.76
333,333,ILCI_EBS_TestSite,10122,2RNSGSiMwno2Z,252,2,10,9,1129.69,82.28
334,334,ILCI_EBS_TestSite,10122,2RNSGjbd4y8st,253,2,11,9,899.69,84.35
335,335,ILCI_EBS_TestSite,10122,2RNSGzX8owVWQ,254,2,12,9,1256.14,67.54
336,336,ILCI_EBS_TestSite,10122,2RNSGFWXXuujv,349,3,13,9,1011.45,104.47
337,337,ILCI_EBS_TestSite,10122,2RNSG906QRshk,350,3,14,9,1148.5,59.45
338,338,ILCI_EBS_TestSite,10122,2RNSGRT8qu25w,351,3,15,9,1067.43,70.09
339,339,ILCI_EBS_TestSite,10122,2RNSG4kquIbra,352,3,16,9,1075.14,125.71
340,340,ILCI_EBS_TestSite,10122,2RNSGHtyLtCRQ,353,3,17,9,1199.18,95.64
341,341,ILCI_EBS_TestSite,10122,2RNSGRPANXshB,354,3,18,9,972.84,78.18
342,342,ILCI_EBS_TestSite,10122,2RNSGGUzerCvu,160,1,1,10,1033.79,84.68
343,343,ILCI_EBS_TestSite,10122,2RNSG3TaWq0e1,159,1,2,10,948.42,101.74
344,344,ILCI_EBS_TestSite,10122,2RNSGjbujyRYx,158,1,3,10,1046.05,88.83
345,345,ILCI_EBS_TestSite,10122,2RNSGTCntlER9,157,1,4,10,1031.98,80.82
346,346,ILCI_EBS_TestSite,10122,2RNSGAUFviTQj,156,1,5,10,905.49,95.21
347,347,ILCI_EBS_TestSite,10122,2RNSGYBRrXjHw,155,1,6,10,1108.28,104.23
348,348,ILCI_EBS_TestSite,10122,2RNSGpwEWiJvP,260,2,7,10,1021.3,78.39
349,349,ILCI_EBS_TestSite,10122,2RNSGYBRrXjHw,259,2,8,10,1132.35,60.25
350,350,ILCI_EBS_TestSite,10122,2RNSGRPANXshB,258,2,9,10,913.91,92.21
351,351,ILCI_EBS_TestSite,10122,2RNSGN8v7uFET,257,2,10,10,1125.88,73.8
352,352,ILCI_EBS_TestSite,10122,2RNSGIC0KLPol,256,2,11,10,858.59,92.76
353,353,ILCI_EBS_TestSite,10122,2RNSG5e7xvEsK,255,2,12,10,910.76,99.05
354,354,ILCI_EBS_TestSite,10122,2RNSG3TaWq0e1,360,3,13,10,1009.39,57.58
355,355,ILCI_EBS_TestSite,10122,2RNSG8G8tC8a5,359,3,14,10,1071.59,81.7
356,356,ILCI_EBS_TestSite,10122,2RNSGfXn5MFeW,358,3,15,10,988.94,103.48
357,357,ILCI_EBS_TestSite,10122,2RNSGnUbDHEdz,357,3,16,10,1129.88,84.85
358,358,ILCI_EBS_TestSite,10122,2RNSGgG4pvp4J,356,3,17,10,999,76.39
359,359,ILCI_EBS_TestSite,10122,2RNSGmRhLFmqL,355,3,18,10,1033.07,79.53
360,360,ILCI_Deep_Zero,10122,2RNSGWzAhrJ65,101,1,1,1,1100.81,99.65
361,361,ILCI_Deep_Zero,10122,2RNSGN8v7uFET,102,1,2,1,1183.46,108.53
362,362,ILCI_Deep_Zero,10122,2RNSGgG4pvp4J,103,1,3,1,1018.73,106.06
363,363,ILCI_Deep_Zero,10122,2RNSGmRhLFmqL,104,1,4,1,1100.93,96.71
364,364,ILCI_Deep_Zero,10122,2RNSGfXn5MFeW,105,1,5,1,1017.06,90.39
365,365,ILCI_Deep_Zero,10122,2RNSGR5o4Whmx,106,1,6,1,999.15,94.03
366,366,ILCI_Deep_Zero,10122,2RNSGIC0KLPol,201,2,7,1,931.37,97.09
367,367,ILCI_Deep_Zero,10122,2RNSGZXEPhhfC,202,2,8,1,1134.82,105.93
368,368,ILCI_Deep_Zero,10122,2RNSGUwRFGPSQ,203,2,9,1,1199.08,106.27
369,369,ILCI_Deep_Zero,10122,2RNSGGUzerCvu,204,2,10,1,1038.22,83.1
370,370,ILCI_Deep_Zero,10122,2RNSGWzAhrJ65,205,2,11,1,1155.2,86.89
371,371,ILCI_Deep_Zero,10122,2RNSGfXn5MFeW,206,2,12,1,1019.12,94.94
372,372,ILCI_Deep_Zero,10122,2RNSGDkwtg3uR,301,3,13,1,983.2,75.55
373,373,ILCI_Deep_Zero,10122,2RNSGMWOtL8WW,302,3,14,1,1081.81,78.57
374,374,ILCI_Deep_Zero,10122,2RNSGYBRrXjHw,303,3,15,1,1086.61,107.69
375,375,ILCI_Deep_Zero,10122,2RNSGe8UzkKIe,304,3,16,1,1035.78,85.8
376,376,ILCI_Deep_Zero,10122,2RNSGaZe2A0Ub,305,3,17,1,1167.45,100.3
377,377,ILCI_Deep_Zero,10122,2RNSG0zMqxChH,306,3,18,1,1060.82,105.08
378,378,ILCI_Deep_Zero,10122,2RNSGe8UzkKIe,112,1,1,2,1056.6,97.03
379,379,ILCI_Deep_Zero,10122,2RNSGzX8owVWQ,111,1,2,2,1182.03,88.48
380,380,ILCI_Deep_Zero,10122,2RNSGUyjKZPcV,110,1,3,2,1128.99,100.62
381,381,ILCI_Deep_Zero,10122,2RNSGpwEWiJvP,109,1,4,2,1040.53,84.85
382,382,ILCI_Deep_Zero,10122,2RNSG0zMqxChH,108,1,5,2,1088.5,119.56
383,383,ILCI_Deep_Zero,10122,2RNSGYBRrXjHw,107,1,6,2,1091.2,78.07
384,384,ILCI_Deep_Zero,10122,2RNSGLrkP989L,212,2,7,2,1141.69,92.56
385,385,ILCI_Deep_Zero,10122,2RNSGTCntlER9,211,2,8,2,1056.55,102.62
386,386,ILCI_Deep_Zero,10122,2RNSG0ZlBB2bD,210,2,9,2,1058.71,86.57
387,387,ILCI_Deep_Zero,10122,2RNSG2mpxDNcT,209,2,10,2,1104.14,63.74
388,388,ILCI_Deep_Zero,10122,2RNSGR5o4Whmx,208,2,11,2,1024.47,110.84
389,389,ILCI_Deep_Zero,10122,2RNSGewwFbuKN,207,2,12,2,1067.49,85.33
390,390,ILCI_Deep_Zero,10122,2RNSGKBESy1CA,312,3,13,2,733.34,92.14
391,391,ILCI_Deep_Zero,10122,2RNSGLNJZalPm,311,3,14,2,987.54,92.57
392,392,ILCI_Deep_Zero,10122,2RNSGdvhWsSCl,310,3,15,2,1061.5,76.25
393,393,ILCI_Deep_Zero,10122,2RNSGtIpUXySs,309,3,16,2,1030.39,79.87
394,394,ILCI_Deep_Zero,10122,2RNSGZXEPhhfC,308,3,17,2,1044.34,107.25
395,395,ILCI_Deep_Zero,10122,2RNSGUyjKZPcV,307,3,18,2,1120.39,90.38
396,396,ILCI_Deep_Zero,10122,2RNSGSiMwno2Z,113,1,1,3,1107.47,103.43
397,397,ILCI_Deep_Zero,10122,2RNSGLNJZalPm,114,1,2,3,963.14,96.33
398,398,ILCI_Deep_Zero,10122,2RNSGknEU6tPg,115,1,3,3,1102.21,93.01
399,399,ILCI_Deep_Zero,10122,2RNSGdvhWsSCl,116,1,4,3,1073.38,112.22
400,400,ILCI_Deep_Zero,10122,2RNSGePhsWzCV,117,1,5,3,1140.18,115.48
401,401,ILCI_Deep_Zero,10122,2RNSGdf13ostf,118,1,6,3,837.99,83.69
402,402,ILCI_Deep_Zero,10122,2RNSGX3v2qYYg,213,2,7,3,1100.39,93.02
403,403,ILCI_Deep_Zero,10122,2RNSG5e7xvEsK,214,2,8,3,980.81,56.95
404,404,ILCI_Deep_Zero,10122,2RNSG4kquIbra,215,2,9,3,1059.24,101.38
405,405,ILCI_Deep_Zero,10122,2RNSGIxa4GsN3,216,2,10,3,981.87,77.65
406,406,ILCI_Deep_Zero,10122,2RNSGMWOtL8WW,217,2,11,3,1140.49,121.39
407,407,ILCI_Deep_Zero,10122,2RNSG0zMqxChH,218,2,12,3,1115.56,96.75
408,408,ILCI_Deep_Zero,10122,2RNSGR5o4Whmx,313,3,13,3,1037.36,94.16
409,409,ILCI_Deep_Zero,10122,2RNSGIxa4GsN3,314,3,14,3,1032.52,106.49
410,410,ILCI_Deep_Zero,10122,2RNSG8G8tC8a5,315,3,15,3,1029.61,107.01
411,411,ILCI_Deep_Zero,10122,2RNSGWzAhrJ65,316,3,16,3,1053.36,80.05
412,412,ILCI_Deep_Zero,10122,2RNSGEXIoEFps,317,3,17,3,996.23,96.5
413,413,ILCI_Deep_Zero,10122,2RNSGsWD8kzYU,318,3,18,3,1029.69,79
414,414,ILCI_Deep_Zero,10122,2RNSGUwRFGPSQ,124,1,1,4,1217.64,72.64
415,415,ILCI_Deep_Zero,10122,2RNSGRPANXshB,123,1,2,4,975.59,105.46
416,416,ILCI_Deep_Zero,10122,2RNSGewwFbuKN,122,1,3,4,1044.2,119.34
417,417,ILCI_Deep_Zero,10122,2RNSGricel258,121,1,4,4,1213.3,87.98
418,418,ILCI_Deep_Zero,10122,2RNSG5aCj3Qpx,120,1,5,4,1081.95,69.7
419,419,ILCI_Deep_Zero,10122,2RNSGjbujyRYx,119,1,6,4,1049.01,83.84
420,420,ILCI_Deep_Zero,10122,2RNSGN8v7uFET,224,2,7,4,1216.18,75.99
421,421,ILCI_Deep_Zero,10122,2RNSGfHAxCkhN,223,2,8,4,915.58,96
422,422,ILCI_Deep_Zero,10122,2RNSGDkwtg3uR,222,2,9,4,1033.65,95.07
423,423,ILCI_Deep_Zero,10122,2RNSGHtyLtCRQ,221,2,10,4,1167.71,86.57
424,424,ILCI_Deep_Zero,10122,2RNSGjbd4y8st,220,2,11,4,938.89,84.33
425,425,ILCI_Deep_Zero,10122,2RNSGzX8owVWQ,219,2,12,4,1258.26,67.54
426,426,ILCI_Deep_Zero,10122,2RNSGGUzerCvu,324,3,13,4,1043.8,67.17
427,427,ILCI_Deep_Zero,10122,2RNSG2mpxDNcT,323,3,14,4,1082.01,83.15
428,428,ILCI_Deep_Zero,10122,2RNSGzX8owVWQ,322,3,15,4,1204.47,86.98
429,429,ILCI_Deep_Zero,10122,2RNSGz7ATP0nS,321,3,16,4,1058.47,69.53
430,430,ILCI_Deep_Zero,10122,2RNSGLck9xigF,320,3,17,4,1147.95,109.04
431,431,ILCI_Deep_Zero,10122,2RNSG5aCj3Qpx,319,3,18,4,1097.91,110.63
432,432,ILCI_Deep_Zero,10122,2RNSGLrkP989L,125,1,1,5,1083.97,102.49
433,433,ILCI_Deep_Zero,10122,2RNSGFWXXuujv,126,1,2,5,943,66.68
434,434,ILCI_Deep_Zero,10122,2RNSGDkwtg3uR,127,1,3,5,1028.99,95.54
435,435,ILCI_Deep_Zero,10122,2RNSGRT8qu25w,128,1,4,5,1037.47,105.69
436,436,ILCI_Deep_Zero,10122,2RNSGz7ATP0nS,129,1,5,5,1125.25,98.05
437,437,ILCI_Deep_Zero,10122,2RNSGKBESy1CA,130,1,6,5,779.2,87.61
438,438,ILCI_Deep_Zero,10122,2RNSGpwEWiJvP,225,2,7,5,1083.14,71.98
439,439,ILCI_Deep_Zero,10122,2RNSGAUFviTQj,226,2,8,5,914.3,92.78
440,440,ILCI_Deep_Zero,10122,2RNSG9oDI3naa,227,2,9,5,1045.9,83.49
441,441,ILCI_Deep_Zero,10122,2RNSGEXIoEFps,228,2,10,5,1128.89,83.73
442,442,ILCI_Deep_Zero,10122,2RNSG8G8tC8a5,229,2,11,5,1084.41,81.4
443,443,ILCI_Deep_Zero,10122,2RNSGz7ATP0nS,230,2,12,5,1122.65,103.72
444,444,ILCI_Deep_Zero,10122,2RNSGAUFviTQj,325,3,13,5,928.24,80.15
445,445,ILCI_Deep_Zero,10122,2RNSGjbujyRYx,326,3,14,5,1069.89,99.36
446,446,ILCI_Deep_Zero,10122,2RNSGHIYxOI4B,327,3,15,5,851.04,90.64
447,447,ILCI_Deep_Zero,10122,2RNSGX3v2qYYg,328,3,16,5,1129.06,88.07
448,448,ILCI_Deep_Zero,10122,2RNSGTCntlER9,329,3,17,5,1123.01,84.33
449,449,ILCI_Deep_Zero,10122,2RNSGgG4pvp4J,330,3,18,5,1036.72,87
450,450,ILCI_Deep_Zero,10122,2RNSGfHAxCkhN,136,1,1,6,941.85,87.13
451,451,ILCI_Deep_Zero,10122,2RNSG0ZlBB2bD,135,1,2,6,1067.14,79.53
452,452,ILCI_Deep_Zero,10122,2RNSGLck9xigF,134,1,3,6,1163.14,134.72
453,453,ILCI_Deep_Zero,10122,2RNSGTCntlER9,133,1,4,6,994.6,89.08
454,454,ILCI_Deep_Zero,10122,2RNSGHtyLtCRQ,132,1,5,6,1160.66,95.22
455,455,ILCI_Deep_Zero,10122,2RNSGIC0KLPol,131,1,6,6,927.49,86.91
456,456,ILCI_Deep_Zero,10122,2RNSGojIDyrL2,236,2,7,6,757.79,91.31
457,457,ILCI_Deep_Zero,10122,2RNSGricel258,235,2,8,6,1185.22,92
458,458,ILCI_Deep_Zero,10122,2RNSGe8UzkKIe,234,2,9,6,1049.13,95.63
459,459,ILCI_Deep_Zero,10122,2RNSGdvhWsSCl,233,2,10,6,1138.41,102.54
460,460,ILCI_Deep_Zero,10122,2RNSGHIYxOI4B,232,2,11,6,838.92,133.45
461,461,ILCI_Deep_Zero,10122,2RNSGUyjKZPcV,231,2,12,6,1186.33,70.57
462,462,ILCI_Deep_Zero,10122,2RNSG906QRshk,336,3,13,6,1056.79,92.81
463,463,ILCI_Deep_Zero,10122,2RNSGmRhLFmqL,335,3,14,6,1003.36,90.29
464,464,ILCI_Deep_Zero,10122,2RNSGricel258,334,3,15,6,1153.98,70.71
465,465,ILCI_Deep_Zero,10122,2RNSG5C79WabI,333,3,16,6,1032.29,88.54
466,466,ILCI_Deep_Zero,10122,2RNSGdf13ostf,332,3,17,6,822.46,92.26
467,467,ILCI_Deep_Zero,10122,2RNSG0ZlBB2bD,331,3,18,6,1069.62,109.95
468,468,ILCI_Deep_Zero,10122,2RNSG906QRshk,137,1,1,7,1008.58,97.47
469,469,ILCI_Deep_Zero,10122,2RNSGDBfc51bE,138,1,2,7,957.86,114.19
470,470,ILCI_Deep_Zero,10122,2RNSGHIYxOI4B,139,1,3,7,823.71,110.37
471,471,ILCI_Deep_Zero,10122,2RNSGGUzerCvu,140,1,4,7,1037.84,116.31
472,472,ILCI_Deep_Zero,10122,2RNSG4kquIbra,141,1,5,7,1031.92,75.32
473,473,ILCI_Deep_Zero,10122,2RNSG9oDI3naa,142,1,6,7,970.57,120.44
474,474,ILCI_Deep_Zero,10122,2RNSGknEU6tPg,237,2,7,7,1073.52,82.79
475,475,ILCI_Deep_Zero,10122,2RNSG5C79WabI,238,2,8,7,980.57,105.11
476,476,ILCI_Deep_Zero,10122,2RNSGmRhLFmqL,239,2,9,7,1024.96,98.7
477,477,ILCI_Deep_Zero,10122,2RNSGaZe2A0Ub,240,2,10,7,1137.15,91.92
478,478,ILCI_Deep_Zero,10122,2RNSGLNJZalPm,241,2,11,7,948.6,96.51
479,479,ILCI_Deep_Zero,10122,2RNSG5aCj3Qpx,242,2,12,7,1050.34,95.66
480,480,ILCI_Deep_Zero,10122,2RNSGIC0KLPol,337,3,13,7,832.01,106.02
481,481,ILCI_Deep_Zero,10122,2RNSGRT8qu25w,338,3,14,7,998.65,70.98
482,482,ILCI_Deep_Zero,10122,2RNSGePhsWzCV,339,3,15,7,1092.51,95.53
483,483,ILCI_Deep_Zero,10122,2RNSG5e7xvEsK,340,3,16,7,948.69,85.63
484,484,ILCI_Deep_Zero,10122,2RNSGDBfc51bE,341,3,17,7,940.88,133.56
485,485,ILCI_Deep_Zero,10122,2RNSGewwFbuKN,342,3,18,7,1012.19,102.42
486,486,ILCI_Deep_Zero,10122,2RNSGjbd4y8st,148,1,1,8,975.1,74.79
487,487,ILCI_Deep_Zero,10122,2RNSG8G8tC8a5,147,1,2,8,1043.69,116.3
488,488,ILCI_Deep_Zero,10122,2RNSG5e7xvEsK,146,1,3,8,950.12,90.58
489,489,ILCI_Deep_Zero,10122,2RNSGsWD8kzYU,145,1,4,8,1067.82,103.55
490,490,ILCI_Deep_Zero,10122,2RNSGEXIoEFps,144,1,5,8,1048.84,92.33
491,491,ILCI_Deep_Zero,10122,2RNSG5C79WabI,143,1,6,8,962.39,86.93
492,492,ILCI_Deep_Zero,10122,2RNSGSiMwno2Z,248,2,7,8,1162.29,80.53
493,493,ILCI_Deep_Zero,10122,2RNSGdf13ostf,247,2,8,8,835.28,86.69
494,494,ILCI_Deep_Zero,10122,2RNSGKBESy1CA,246,2,9,8,819.06,97.17
495,495,ILCI_Deep_Zero,10122,2RNSGRPANXshB,245,2,10,8,1007.52,76.56
496,496,ILCI_Deep_Zero,10122,2RNSGnUbDHEdz,244,2,11,8,1136.98,112.39
497,497,ILCI_Deep_Zero,10122,2RNSGtIpUXySs,243,2,12,8,1049.04,103.08
498,498,ILCI_Deep_Zero,10122,2RNSGHtyLtCRQ,348,3,13,8,1189.04,88.59
499,499,ILCI_Deep_Zero,10122,2RNSGojIDyrL2,347,3,14,8,787.18,100.19
500,500,ILCI_Deep_Zero,10122,2RNSG4kquIbra,346,3,15,8,1068.14,78.13
501,501,ILCI_Deep_Zero,10122,2RNSG9oDI3naa,345,3,16,8,1071.37,92.85
502,502,ILCI_Deep_Zero,10122,2RNSGLrkP989L,344,3,17,8,1143.44,92.28
503,503,ILCI_Deep_Zero,10122,2RNSGSiMwno2Z,343,3,18,8,1123.52,104.15
504,504,ILCI_Deep_Zero,10122,2RNSGojIDyrL2,149,1,1,9,814.09,87.22
505,505,ILCI_Deep_Zero,10122,2RNSGnUbDHEdz,150,1,2,9,1134.49,99.76
506,506,ILCI_Deep_Zero,10122,2RNSG2mpxDNcT,151,1,3,9,1118.64,121.56
507,507,ILCI_Deep_Zero,10122,2RNSGIxa4GsN3,152,1,4,9,978.56,117.29
508,508,ILCI_Deep_Zero,10122,2RNSGRsjcFW43,153,1,5,9,994.61,64.36
509,509,ILCI_Deep_Zero,10122,2RNSGtIpUXySs,154,1,6,9,1061.42,98.47
510,510,ILCI_Deep_Zero,10122,2RNSG3TaWq0e1,249,2,7,9,998.39,64.95
511,511,ILCI_Deep_Zero,10122,2RNSGYBRrXjHw,250,2,8,9,1210.35,89.13
512,512,ILCI_Deep_Zero,10122,2RNSGDBfc51bE,251,2,9,9,1004.83,80.64
513,513,ILCI_Deep_Zero,10122,2RNSG906QRshk,252,2,10,9,1092.61,81.93
514,514,ILCI_Deep_Zero,10122,2RNSGjbujyRYx,253,2,11,9,1074.45,92.02
515,515,ILCI_Deep_Zero,10122,2RNSGLck9xigF,254,2,12,9,1299.41,83.32
516,516,ILCI_Deep_Zero,10122,2RNSGknEU6tPg,349,3,13,9,1126.08,108.53
517,517,ILCI_Deep_Zero,10122,2RNSGRsjcFW43,350,3,14,9,1070.36,78.34
518,518,ILCI_Deep_Zero,10122,2RNSGFWXXuujv,351,3,15,9,1007.5,81.68
519,519,ILCI_Deep_Zero,10122,2RNSGfXn5MFeW,352,3,16,9,989.34,74.55
520,520,ILCI_Deep_Zero,10122,2RNSGUwRFGPSQ,353,3,17,9,1235.79,114.72
521,521,ILCI_Deep_Zero,10122,2RNSGpwEWiJvP,354,3,18,9,1073.45,95.12
522,522,ILCI_Deep_Zero,10122,2RNSGAUFviTQj,160,1,1,10,852.36,77.02
523,523,ILCI_Deep_Zero,10122,2RNSG3TaWq0e1,159,1,2,10,943.01,107.71
524,524,ILCI_Deep_Zero,10122,2RNSGZXEPhhfC,158,1,3,10,1071.16,93.35
525,525,ILCI_Deep_Zero,10122,2RNSGX3v2qYYg,157,1,4,10,1060.97,92.14
526,526,ILCI_Deep_Zero,10122,2RNSGMWOtL8WW,156,1,5,10,1097.36,98.65
527,527,ILCI_Deep_Zero,10122,2RNSGaZe2A0Ub,155,1,6,10,1068.84,110.39
528,528,ILCI_Deep_Zero,10122,2RNSGgG4pvp4J,260,2,7,10,953.72,104.89
529,529,ILCI_Deep_Zero,10122,2RNSGePhsWzCV,259,2,8,10,1098.69,80.93
530,530,ILCI_Deep_Zero,10122,2RNSGsWD8kzYU,258,2,9,10,1075.16,108.47
531,531,ILCI_Deep_Zero,10122,2RNSGFWXXuujv,257,2,10,10,944.2,96.1
532,532,ILCI_Deep_Zero,10122,2RNSGRT8qu25w,256,2,11,10,1074.2,103.62
533,533,ILCI_Deep_Zero,10122,2RNSGRsjcFW43,255,2,12,10,944.9,94.97
534,534,ILCI_Deep_Zero,10122,2RNSG3TaWq0e1,360,3,13,10,979.78,97.58
535,535,ILCI_Deep_Zero,10122,2RNSGN8v7uFET,359,3,14,10,1196.95,65.22
536,536,ILCI_Deep_Zero,10122,2RNSGfHAxCkhN,358,3,15,10,925.8,89.02
537,537,ILCI_Deep_Zero,10122,2RNSGjbd4y8st,357,3,16,10,966.22,52.71
538,538,ILCI_Deep_Zero,10122,2RNSGRPANXshB,356,3,17,10,966.38,136.15
539,539,ILCI_Deep_Zero,10122,2RNSGnUbDHEdz,355,3,18,10,1082.28,97.61
540,540,Unspecified Location,10122,2RNSGdf13ostf,101,1,1,1,856.61,55.78
541,541,Unspecified Location,10122,2RNSGpwEWiJvP,102,1,2,1,1100.96,104.82
542,542,Unspecified Location,10122,2RNSGSiMwno2Z,103,1,3,1,1101.56,78.38
543,543,Unspecified Location,10122,2RNSG5C79WabI,104,1,4,1,991.99,94.59
544,544,Unspecified Location,10122,2RNSGGUzerCvu,105,1,5,1,1044.48,131.61
545,545,Unspecified Location,10122,2RNSGIC0KLPol,106,1,6,1,886.99,86.65
546,546,Unspecified Location,10122,2RNSGjbd4y8st,201,2,7,1,890.05,99.91
547,547,Unspecified Location,10122,2RNSGRsjcFW43,202,2,8,1,965.7,87.96
548,548,Unspecified Location,10122,2RNSGDkwtg3uR,203,2,9,1,987.87,95.41
549,549,Unspecified Location,10122,2RNSGTCntlER9,204,2,10,1,994.88,107.15
550,550,Unspecified Location,10122,2RNSGHtyLtCRQ,205,2,11,1,1080.92,85.59
551,551,Unspecified Location,10122,2RNSGePhsWzCV,206,2,12,1,1066.77,101.09
552,552,Unspecified Location,10122,2RNSGLrkP989L,301,3,13,1,1044.49,65.25
553,553,Unspecified Location,10122,2RNSGsWD8kzYU,302,3,14,1,1010.88,87.58
554,554,Unspecified Location,10122,2RNSGpwEWiJvP,303,3,15,1,1024.24,100.17
555,555,Unspecified Location,10122,2RNSG906QRshk,304,3,16,1,1031.11,83.91
556,556,Unspecified Location,10122,2RNSGfHAxCkhN,305,3,17,1,865.95,94.22
557,557,Unspecified Location,10122,2RNSG5C79WabI,306,3,18,1,967.37,98.92
558,558,Unspecified Location,10122,2RNSG8G8tC8a5,112,1,1,2,983.73,91.57
559,559,Unspecified Location,10122,2RNSGUwRFGPSQ,111,1,2,2,1197.85,96.98
560,560,Unspecified Location,10122,2RNSGjbd4y8st,110,1,3,2,899.22,76.76
561,561,Unspecified Location,10122,2RNSG3TaWq0e1,109,1,4,2,996.87,79.84
562,562,Unspecified Location,10122,2RNSGAUFviTQj,108,1,5,2,924.27,71.27
563,563,Unspecified Location,10122,2RNSG2mpxDNcT,107,1,6,2,1107.97,105.86
564,564,Unspecified Location,10122,2RNSG9oDI3naa,212,2,7,2,954.47,90.55
565,565,Unspecified Location,10122,2RNSG5e7xvEsK,211,2,8,2,916.56,111.1
566,566,Unspecified Location,10122,2RNSG5C79WabI,210,2,9,2,987.27,76.95
567,567,Unspecified Location,10122,2RNSGojIDyrL2,209,2,10,2,741.19,99.86
568,568,Unspecified Location,10122,2RNSGLck9xigF,208,2,11,2,1142.04,89.74
569,569,Unspecified Location,10122,2RNSGfXn5MFeW,207,2,12,2,881.99,115.56
570,570,Unspecified Location,10122,2RNSGLNJZalPm,312,3,13,2,942.75,73.33
571,571,Unspecified Location,10122,2RNSGjbujyRYx,311,3,14,2,1013.84,84.29
572,572,Unspecified Location,10122,2RNSGTCntlER9,310,3,15,2,1080.62,88.74
573,573,Unspecified Location,10122,2RNSG3TaWq0e1,309,3,16,2,908.67,111.23
574,574,Unspecified Location,10122,2RNSGmRhLFmqL,308,3,17,2,1004.83,63.98
575,575,Unspecified Location,10122,2RNSGePhsWzCV,307,3,18,2,1108.94,64.81
576,576,Unspecified Location,10122,2RNSGZXEPhhfC,113,1,1,3,1142.48,70.4
577,577,Unspecified Location,10122,2RNSGKBESy1CA,114,1,2,3,803.73,89.1
578,578,Unspecified Location,10122,2RNSGR5o4Whmx,115,1,3,3,1116.68,74.44
579,579,Unspecified Location,10122,2RNSGojIDyrL2,116,1,4,3,844.57,89.49
580,580,Unspecified Location,10122,2RNSG0ZlBB2bD,117,1,5,3,1099.96,114.67
581,581,Unspecified Location,10122,2RNSG4kquIbra,118,1,6,3,1047.68,99.63
582,582,Unspecified Location,10122,2RNSGaZe2A0Ub,213,2,7,3,1113.37,117.15
583,583,Unspecified Location,10122,2RNSG906QRshk,214,2,8,3,994.87,70.44
584,584,Unspecified Location,10122,2RNSGAUFviTQj,215,2,9,3,830.65,114.48
585,585,Unspecified Location,10122,2RNSGewwFbuKN,216,2,10,3,1005.62,90.35
586,586,Unspecified Location,10122,2RNSGknEU6tPg,217,2,11,3,1034.4,118.77
587,587,Unspecified Location,10122,2RNSGgG4pvp4J,218,2,12,3,932.12,75.57
588,588,Unspecified Location,10122,2RNSG5e7xvEsK,313,3,13,3,916.95,77.43
589,589,Unspecified Location,10122,2RNSGWzAhrJ65,314,3,14,3,1053.25,75.74
590,590,Unspecified Location,10122,2RNSGR5o4Whmx,315,3,15,3,929.21,99.87
591,591,Unspecified Location,10122,2RNSGzX8owVWQ,316,3,16,3,1163.67,92.02
592,592,Unspecified Location,10122,2RNSGknEU6tPg,317,3,17,3,1031.07,104.79
593,593,Unspecified Location,10122,2RNSGEXIoEFps,318,3,18,3,983.5,79.51
594,594,Unspecified Location,10122,2RNSGN8v7uFET,124,1,1,4,1222.63,80.31
595,595,Unspecified Location,10122,2RNSGLck9xigF,123,1,2,4,1181.33,74.77
596,596,Unspecified Location,10122,2RNSGRPANXshB,122,1,3,4,939.98,89
597,597,Unspecified Location,10122,2RNSGe8UzkKIe,121,1,4,4,1043.57,80.93
598,598,Unspecified Location,10122,2RNSGnUbDHEdz,120,1,5,4,1117.31,96.84
599,599,Unspecified Location,10122,2RNSGfHAxCkhN,119,1,6,4,1000.72,98.28
600,600,Unspecified Location,10122,2RNSGRPANXshB,224,2,7,4,998.42,87.15
601,601,Unspecified Location,10122,2RNSGLNJZalPm,223,2,8,4,996.7,88.92
602,602,Unspecified Location,10122,2RNSGmRhLFmqL,222,2,9,4,1063.67,83.97
603,603,Unspecified Location,10122,2RNSG4kquIbra,221,2,10,4,1059.13,85.83
604,604,Unspecified Location,10122,2RNSGSiMwno2Z,220,2,11,4,1159.43,97.11
605,605,Unspecified Location,10122,2RNSGHIYxOI4B,219,2,12,4,875.79,115.78
606,606,Unspecified Location,10122,2RNSGIxa4GsN3,324,3,13,4,1031,82.03
607,607,Unspecified Location,10122,2RNSGaZe2A0Ub,323,3,14,4,1187.38,64.86
608,608,Unspecified Location,10122,2RNSGDBfc51bE,322,3,15,4,957.87,98.24
609,609,Unspecified Location,10122,2RNSGMWOtL8WW,321,3,16,4,1128.04,108.84
610,610,Unspecified Location,10122,2RNSGz7ATP0nS,320,3,17,4,1109.82,105.47
611,611,Unspecified Location,10122,2RNSGgG4pvp4J,319,3,18,4,964.77,91.01
612,612,Unspecified Location,10122,2RNSG9oDI3naa,125,1,1,5,956.88,81.26
613,613,Unspecified Location,10122,2RNSGmRhLFmqL,126,1,2,5,1079.75,107.86
614,614,Unspecified Location,10122,2RNSGLNJZalPm,127,1,3,5,992.02,77.42
615,615,Unspecified Location,10122,2RNSG0zMqxChH,128,1,4,5,1096.5,91.7
616,616,Unspecified Location,10122,2RNSGtIpUXySs,129,1,5,5,963.3,88.51
617,617,Unspecified Location,10122,2RNSGWzAhrJ65,130,1,6,5,1095.35,69.26
618,618,Unspecified Location,10122,2RNSGFWXXuujv,225,2,7,5,898.86,95.37
619,619,Unspecified Location,10122,2RNSGUyjKZPcV,226,2,8,5,1117.57,96.92
620,620,Unspecified Location,10122,2RNSGLrkP989L,227,2,9,5,1132.11,98.94
621,621,Unspecified Location,10122,2RNSGtIpUXySs,228,2,10,5,989.72,88.96
622,622,Unspecified Location,10122,2RNSG5aCj3Qpx,229,2,11,5,1070.35,78.4
623,623,Unspecified Location,10122,2RNSGGUzerCvu,230,2,12,5,1004.94,101.77
624,624,Unspecified Location,10122,2RNSGojIDyrL2,325,3,13,5,786.87,118.73
625,625,Unspecified Location,10122,2RNSGdvhWsSCl,326,3,14,5,1089.83,107.1
626,626,Unspecified Location,10122,2RNSG9oDI3naa,327,3,15,5,1044.47,78.33
627,627,Unspecified Location,10122,2RNSGRPANXshB,328,3,16,5,971.03,95.23
628,628,Unspecified Location,10122,2RNSGjbd4y8st,329,3,17,5,972.78,89.95
629,629,Unspecified Location,10122,2RNSGAUFviTQj,330,3,18,5,915.94,80.68
630,630,Unspecified Location,10122,2RNSG906QRshk,136,1,1,6,1054.71,60.77
631,631,Unspecified Location,10122,2RNSGePhsWzCV,135,1,2,6,1122.42,76.2
632,632,Unspecified Location,10122,2RNSGHIYxOI4B,134,1,3,6,884.26,64.99
633,633,Unspecified Location,10122,2RNSGRT8qu25w,133,1,4,6,1083.56,88.97
634,634,Unspecified Location,10122,2RNSGIxa4GsN3,132,1,5,6,1052.82,113.32
635,635,Unspecified Location,10122,2RNSGRsjcFW43,131,1,6,6,968.85,100.88
636,636,Unspecified Location,10122,2RNSGN8v7uFET,236,2,7,6,1102.85,93.71
637,637,Unspecified Location,10122,2RNSGsWD8kzYU,235,2,8,6,1054.73,74.02
638,638,Unspecified Location,10122,2RNSGjbujyRYx,234,2,9,6,1044.08,79.35
639,639,Unspecified Location,10122,2RNSGRT8qu25w,233,2,10,6,996.46,89.34
640,640,Unspecified Location,10122,2RNSGX3v2qYYg,232,2,11,6,1049.71,107.04
641,641,Unspecified Location,10122,2RNSGe8UzkKIe,231,2,12,6,1050.16,75.54
642,642,Unspecified Location,10122,2RNSGKBESy1CA,336,3,13,6,657.55,84.63
643,643,Unspecified Location,10122,2RNSGricel258,335,3,14,6,1187.55,59.49
644,644,Unspecified Location,10122,2RNSGfXn5MFeW,334,3,15,6,932.93,91.95
645,645,Unspecified Location,10122,2RNSG0zMqxChH,333,3,16,6,1076.34,65.53
646,646,Unspecified Location,10122,2RNSGFWXXuujv,332,3,17,6,922.12,85.88
647,647,Unspecified Location,10122,2RNSGDkwtg3uR,331,3,18,6,1020.75,86.46
648,648,Unspecified Location,10122,2RNSGTCntlER9,137,1,1,7,1103.57,83.95
649,649,Unspecified Location,10122,2RNSGLrkP989L,138,1,2,7,1105.81,108.95
650,650,Unspecified Location,10122,2RNSGsWD8kzYU,139,1,3,7,1047.81,70.66
651,651,Unspecified Location,10122,2RNSGMWOtL8WW,140,1,4,7,1146.81,86.89
652,652,Unspecified Location,10122,2RNSGX3v2qYYg,141,1,5,7,1062.84,82.85
653,653,Unspecified Location,10122,2RNSGFWXXuujv,142,1,6,7,935.95,96.96
654,654,Unspecified Location,10122,2RNSGdvhWsSCl,237,2,7,7,1115.59,89.93
655,655,Unspecified Location,10122,2RNSGIxa4GsN3,238,2,8,7,981.97,95.9
656,656,Unspecified Location,10122,2RNSGR5o4Whmx,239,2,9,7,976.36,92.34
657,657,Unspecified Location,10122,2RNSGz7ATP0nS,240,2,10,7,1112.9,104.6
658,658,Unspecified Location,10122,2RNSGYBRrXjHw,241,2,11,7,1151.86,101.42
659,659,Unspecified Location,10122,2RNSGfHAxCkhN,242,2,12,7,900.63,127.34
660,660,Unspecified Location,10122,2RNSGLck9xigF,337,3,13,7,1218.06,94.95
661,661,Unspecified Location,10122,2RNSGRsjcFW43,338,3,14,7,950.47,62.38
662,662,Unspecified Location,10122,2RNSG2mpxDNcT,339,3,15,7,1097.3,98.24
663,663,Unspecified Location,10122,2RNSGRT8qu25w,340,3,16,7,1026.55,75.03
664,664,Unspecified Location,10122,2RNSGe8UzkKIe,341,3,17,7,1088.87,84.67
665,665,Unspecified Location,10122,2RNSGtIpUXySs,342,3,18,7,1076.87,98.8
666,666,Unspecified Location,10122,2RNSGEXIoEFps,148,1,1,8,1008.74,96.24
667,667,Unspecified Location,10122,2RNSGricel258,147,1,2,8,1123.37,89.58
668,668,Unspecified Location,10122,2RNSGknEU6tPg,146,1,3,8,1052.13,102.32
669,669,Unspecified Location,10122,2RNSGfXn5MFeW,145,1,4,8,948.78,84.47
670,670,Unspecified Location,10122,2RNSGz7ATP0nS,144,1,5,8,1089.43,104.58
671,671,Unspecified Location,10122,2RNSGHtyLtCRQ,143,1,6,8,1132.29,99.5
672,672,Unspecified Location,10122,2RNSGZXEPhhfC,248,2,7,8,1057.1,87.43
673,673,Unspecified Location,10122,2RNSG0zMqxChH,247,2,8,8,1065.59,78.11
674,674,Unspecified Location,10122,2RNSGzX8owVWQ,246,2,9,8,1155.48,123.51
675,675,Unspecified Location,10122,2RNSG3TaWq0e1,245,2,10,8,905.3,100.91
676,676,Unspecified Location,10122,2RNSGpwEWiJvP,244,2,11,8,991.45,74.75
677,677,Unspecified Location,10122,2RNSGMWOtL8WW,243,2,12,8,1095,83.24
678,678,Unspecified Location,10122,2RNSGUyjKZPcV,348,3,13,8,1119.65,84.7
679,679,Unspecified Location,10122,2RNSG0ZlBB2bD,347,3,14,8,1016.18,88.4
680,680,Unspecified Location,10122,2RNSGnUbDHEdz,346,3,15,8,1086.59,105.53
681,681,Unspecified Location,10122,2RNSGZXEPhhfC,345,3,16,8,1040.97,80.42
682,682,Unspecified Location,10122,2RNSGYBRrXjHw,344,3,17,8,1099.81,86.45
683,683,Unspecified Location,10122,2RNSG5aCj3Qpx,343,3,18,8,1081.51,71.08
684,684,Unspecified Location,10122,2RNSGdvhWsSCl,149,1,1,9,1097.88,88.92
685,685,Unspecified Location,10122,2RNSGgG4pvp4J,150,1,2,9,1018.19,73.08
686,686,Unspecified Location,10122,2RNSGDBfc51bE,151,1,3,9,1004.92,82.58
687,687,Unspecified Location,10122,2RNSGewwFbuKN,152,1,4,9,1049.76,81.07
688,688,Unspecified Location,10122,2RNSGYBRrXjHw,153,1,5,9,1119.75,110.86
689,689,Unspecified Location,10122,2RNSGaZe2A0Ub,154,1,6,9,1144.04,103.99
690,690,Unspecified Location,10122,2RNSGKBESy1CA,249,2,7,9,750.56,105.94
691,691,Unspecified Location,10122,2RNSG0ZlBB2bD,250,2,8,9,1075.52,78.22
692,692,Unspecified Location,10122,2RNSGricel258,251,2,9,9,1190.33,102.16
693,693,Unspecified Location,10122,2RNSGdf13ostf,252,2,10,9,768.41,104.52
694,694,Unspecified Location,10122,2RNSGEXIoEFps,253,2,11,9,1055.39,87.2
695,695,Unspecified Location,10122,2RNSG8G8tC8a5,254,2,12,9,982.36,123.54
696,696,Unspecified Location,10122,2RNSGGUzerCvu,349,3,13,9,971.71,87.78
697,697,Unspecified Location,10122,2RNSGN8v7uFET,350,3,14,9,1114.32,87.91
698,698,Unspecified Location,10122,2RNSGX3v2qYYg,351,3,15,9,1043.52,106.46
699,699,Unspecified Location,10122,2RNSGHtyLtCRQ,352,3,16,9,1132.66,75.96
700,700,Unspecified Location,10122,2RNSGHIYxOI4B,353,3,17,9,787.75,94.69
701,701,Unspecified Location,10122,2RNSGUwRFGPSQ,354,3,18,9,1200.11,99.01
702,702,Unspecified Location,10122,2RNSGDkwtg3uR,160,1,1,10,1081.87,86.46
703,703,Unspecified Location,10122,2RNSG5aCj3Qpx,159,1,2,10,1107.41,87.91
704,704,Unspecified Location,10122,2RNSG5e7xvEsK,158,1,3,10,933.9,94.22
705,705,Unspecified Location,10122,2RNSGzX8owVWQ,157,1,4,10,1195.62,72.37
706,706,Unspecified Location,10122,2RNSGUyjKZPcV,156,1,5,10,1101.35,116.17
707,707,Unspecified Location,10122,2RNSGjbujyRYx,155,1,6,10,1052.2,83.61
708,708,Unspecified Location,10122,2RNSG2mpxDNcT,260,2,7,10,1138.01,115.93
709,709,Unspecified Location,10122,2RNSGDBfc51bE,259,2,8,10,965.31,95.43
710,710,Unspecified Location,10122,2RNSGIC0KLPol,258,2,9,10,822.12,111.72
711,711,Unspecified Location,10122,2RNSGUwRFGPSQ,257,2,10,10,1204.74,68.86
712,712,Unspecified Location,10122,2RNSGWzAhrJ65,256,2,11,10,1077.6,114.73
713,713,Unspecified Location,10122,2RNSGnUbDHEdz,255,2,12,10,1091.77,95.65
714,714,Unspecified Location,10122,2RNSGdf13ostf,360,3,13,10,859.92,88.54
715,715,Unspecified Location,10122,2RNSGIC0KLPol,359,3,14,10,931.57,99.64
716,716,Unspecified Location,10122,2RNSGewwFbuKN,358,3,15,10,1063.29,88.44
717,717,Unspecified Location,10122,2RNSGSiMwno2Z,357,3,16,10,1094.61,107.01
718,718,Unspecified Location,10122,2RNSG8G8tC8a5,356,3,17,10,1039.56,101.42
719,719,Unspecified Location,10122,2RNSG4kquIbra,355,3,18,10,985.93,97.56
720,720,ILCI_EBS_TestSite,10122,2RNSG0zMqxChH,101,1,1,1,1068.95,73.82
721,721,ILCI_EBS_TestSite,10122,2RNSGDkwtg3uR,102,1,2,1,1036.04,94.33
722,722,ILCI_EBS_TestSite,10122,2RNSGz7ATP0nS,103,1,3,1,1066.98,102.12
723,723,ILCI_EBS_TestSite,10122,2RNSGricel258,104,1,4,1,1104.15,79.16
724,724,ILCI_EBS_TestSite,10122,2RNSGLNJZalPm,105,1,5,1,905.79,125.43
725,725,ILCI_EBS_TestSite,10122,2RNSGLck9xigF,106,1,6,1,1149.17,87.29
726,726,ILCI_EBS_TestSite,10122,2RNSGLNJZalPm,201,2,7,1,1028.91,85.58
727,727,ILCI_EBS_TestSite,10122,2RNSGKBESy1CA,202,2,8,1,750.92,104.9
728,728,ILCI_EBS_TestSite,10122,2RNSGjbujyRYx,203,2,9,1,1103.59,77.3
729,729,ILCI_EBS_TestSite,10122,2RNSGdf13ostf,204,2,10,1,759.43,103.79
730,730,ILCI_EBS_TestSite,10122,2RNSGX3v2qYYg,205,2,11,1,1069.64,77.85
731,731,ILCI_EBS_TestSite,10122,2RNSGDkwtg3uR,206,2,12,1,975.32,83.34
732,732,ILCI_EBS_TestSite,10122,2RNSGdvhWsSCl,301,3,13,1,1012.26,90.86
733,733,ILCI_EBS_TestSite,10122,2RNSG9oDI3naa,302,3,14,1,956.26,92.47
734,734,ILCI_EBS_TestSite,10122,2RNSG0zMqxChH,303,3,15,1,1112.39,113.94
735,735,ILCI_EBS_TestSite,10122,2RNSGKBESy1CA,304,3,16,1,692.24,101.67
736,736,ILCI_EBS_TestSite,10122,2RNSGDkwtg3uR,305,3,17,1,1041.55,95.44
737,737,ILCI_EBS_TestSite,10122,2RNSGEXIoEFps,306,3,18,1,1035.07,97.19
738,738,ILCI_EBS_TestSite,10122,2RNSGRPANXshB,112,1,1,2,946.01,77.48
739,739,ILCI_EBS_TestSite,10122,2RNSG5C79WabI,111,1,2,2,1003.61,99.93
740,740,ILCI_EBS_TestSite,10122,2RNSGe8UzkKIe,110,1,3,2,1056.93,79.15
741,741,ILCI_EBS_TestSite,10122,2RNSGaZe2A0Ub,109,1,4,2,1155.1,97.72
742,742,ILCI_EBS_TestSite,10122,2RNSGIxa4GsN3,108,1,5,2,996.26,107.99
743,743,ILCI_EBS_TestSite,10122,2RNSGWzAhrJ65,107,1,6,2,1096.17,84.19
744,744,ILCI_EBS_TestSite,10122,2RNSG8G8tC8a5,212,2,7,2,1065.57,80.06
745,745,ILCI_EBS_TestSite,10122,2RNSGfXn5MFeW,211,2,8,2,991.44,93.23
746,746,ILCI_EBS_TestSite,10122,2RNSGGUzerCvu,210,2,9,2,1044.18,87.23
747,747,ILCI_EBS_TestSite,10122,2RNSGfHAxCkhN,209,2,10,2,911.95,108.45
748,748,ILCI_EBS_TestSite,10122,2RNSGUyjKZPcV,208,2,11,2,1129.5,91.81
749,749,ILCI_EBS_TestSite,10122,2RNSGgG4pvp4J,207,2,12,2,1006.88,87.87
750,750,ILCI_EBS_TestSite,10122,2RNSGYBRrXjHw,312,3,13,2,1089.08,103.18
751,751,ILCI_EBS_TestSite,10122,2RNSGLrkP989L,311,3,14,2,1094.8,88.84
752,752,ILCI_EBS_TestSite,10122,2RNSGePhsWzCV,310,3,15,2,1061.67,95.84
753,753,ILCI_EBS_TestSite,10122,2RNSGsWD8kzYU,309,3,16,2,1081.83,122.85
754,754,ILCI_EBS_TestSite,10122,2RNSGZXEPhhfC,308,3,17,2,1094.38,106.66
755,755,ILCI_EBS_TestSite,10122,2RNSGojIDyrL2,307,3,18,2,763.83,89.47
756,756,ILCI_EBS_TestSite,10122,2RNSGUwRFGPSQ,113,1,1,3,1189.43,88.32
757,757,ILCI_EBS_TestSite,10122,2RNSG2mpxDNcT,114,1,2,3,1099.62,85.59
758,758,ILCI_EBS_TestSite,10122,2RNSGdf13ostf,115,1,3,3,817.91,69.8
759,759,ILCI_EBS_TestSite,10122,2RNSGfXn5MFeW,116,1,4,3,1035.2,125.66
760,760,ILCI_EBS_TestSite,10122,2RNSG4kquIbra,117,1,5,3,1095.51,85.5
761,761,ILCI_EBS_TestSite,10122,2RNSGHIYxOI4B,118,1,6,3,890.2,79.96
762,762,ILCI_EBS_TestSite,10122,2RNSGUwRFGPSQ,213,2,7,3,1159.19,70.72
763,763,ILCI_EBS_TestSite,10122,2RNSGZXEPhhfC,214,2,8,3,1085.51,111.97
764,764,ILCI_EBS_TestSite,10122,2RNSG4kquIbra,215,2,9,3,1028.92,67.62
765,765,ILCI_EBS_TestSite,10122,2RNSGR5o4Whmx,216,2,10,3,1015.5,87.35
766,766,ILCI_EBS_TestSite,10122,2RNSG0zMqxChH,217,2,11,3,1094.15,80.78
767,767,ILCI_EBS_TestSite,10122,2RNSGWzAhrJ65,218,2,12,3,1140.18,81.53
768,768,ILCI_EBS_TestSite,10122,2RNSGricel258,313,3,13,3,1167.18,83.61
769,769,ILCI_EBS_TestSite,10122,2RNSGIxa4GsN3,314,3,14,3,993.35,99.46
770,770,ILCI_EBS_TestSite,10122,2RNSGUwRFGPSQ,315,3,15,3,1191.73,118.11
771,771,ILCI_EBS_TestSite,10122,2RNSGtIpUXySs,316,3,16,3,1060.06,95.34
772,772,ILCI_EBS_TestSite,10122,2RNSGdf13ostf,317,3,17,3,769.1,99.12
773,773,ILCI_EBS_TestSite,10122,2RNSGAUFviTQj,318,3,18,3,909.87,87.6
774,774,ILCI_EBS_TestSite,10122,2RNSGojIDyrL2,124,1,1,4,749.57,83.37
775,775,ILCI_EBS_TestSite,10122,2RNSGHtyLtCRQ,123,1,2,4,1189.43,75.35
776,776,ILCI_EBS_TestSite,10122,2RNSGzX8owVWQ,122,1,3,4,1209.01,101.34
777,777,ILCI_EBS_TestSite,10122,2RNSGR5o4Whmx,121,1,4,4,1030.52,94.25
778,778,ILCI_EBS_TestSite,10122,2RNSGKBESy1CA,120,1,5,4,791.37,89.04
779,779,ILCI_EBS_TestSite,10122,2RNSGknEU6tPg,119,1,6,4,1176.57,90.28
780,780,ILCI_EBS_TestSite,10122,2RNSG906QRshk,224,2,7,4,1035.33,95.48
781,781,ILCI_EBS_TestSite,10122,2RNSGsWD8kzYU,223,2,8,4,1083.96,89.53
782,782,ILCI_EBS_TestSite,10122,2RNSG0ZlBB2bD,222,2,9,4,1114.89,85.29
783,783,ILCI_EBS_TestSite,10122,2RNSGFWXXuujv,221,2,10,4,946.96,81.7
784,784,ILCI_EBS_TestSite,10122,2RNSGmRhLFmqL,220,2,11,4,1169.09,80.06
785,785,ILCI_EBS_TestSite,10122,2RNSGojIDyrL2,219,2,12,4,813.52,98.97
786,786,ILCI_EBS_TestSite,10122,2RNSG5aCj3Qpx,324,3,13,4,1107.48,77.33
787,787,ILCI_EBS_TestSite,10122,2RNSGSiMwno2Z,323,3,14,4,1108.41,89.38
788,788,ILCI_EBS_TestSite,10122,2RNSGzX8owVWQ,322,3,15,4,1234.31,111.88
789,789,ILCI_EBS_TestSite,10122,2RNSGWzAhrJ65,321,3,16,4,1107.52,80
790,790,ILCI_EBS_TestSite,10122,2RNSGjbujyRYx,320,3,17,4,1033.78,91.08
791,791,ILCI_EBS_TestSite,10122,2RNSGMWOtL8WW,319,3,18,4,1147.54,97.05
792,792,ILCI_EBS_TestSite,10122,2RNSGsWD8kzYU,125,1,1,5,1145.44,92.42
793,793,ILCI_EBS_TestSite,10122,2RNSGfHAxCkhN,126,1,2,5,932.89,96.23
794,794,ILCI_EBS_TestSite,10122,2RNSGdvhWsSCl,127,1,3,5,1096.67,95.17
795,795,ILCI_EBS_TestSite,10122,2RNSGEXIoEFps,128,1,4,5,1072.95,90.53
796,796,ILCI_EBS_TestSite,10122,2RNSG9oDI3naa,129,1,5,5,1031.73,94.19
797,797,ILCI_EBS_TestSite,10122,2RNSG5e7xvEsK,130,1,6,5,968.85,91.61
798,798,ILCI_EBS_TestSite,10122,2RNSGz7ATP0nS,225,2,7,5,1080.95,72.97
799,799,ILCI_EBS_TestSite,10122,2RNSGtIpUXySs,226,2,8,5,989.97,127.21
800,800,ILCI_EBS_TestSite,10122,2RNSGRsjcFW43,227,2,9,5,1023.11,76.12
801,801,ILCI_EBS_TestSite,10122,2RNSG2mpxDNcT,228,2,10,5,1141.96,83.79
802,802,ILCI_EBS_TestSite,10122,2RNSGIxa4GsN3,229,2,11,5,1037.27,96.14
803,803,ILCI_EBS_TestSite,10122,2RNSGEXIoEFps,230,2,12,5,1116.44,91.43
804,804,ILCI_EBS_TestSite,10122,2RNSG0ZlBB2bD,325,3,13,5,1132.1,93.36
805,805,ILCI_EBS_TestSite,10122,2RNSG5C79WabI,326,3,14,5,999.42,102.12
806,806,ILCI_EBS_TestSite,10122,2RNSGewwFbuKN,327,3,15,5,1057.93,88.56
807,807,ILCI_EBS_TestSite,10122,2RNSGRsjcFW43,328,3,16,5,989.89,99.23
808,808,ILCI_EBS_TestSite,10122,2RNSGTCntlER9,329,3,17,5,1107.77,66.5
809,809,ILCI_EBS_TestSite,10122,2RNSGHIYxOI4B,330,3,18,5,849.45,92.33
810,810,ILCI_EBS_TestSite,10122,2RNSGUyjKZPcV,136,1,1,6,1174.55,105.31
811,811,ILCI_EBS_TestSite,10122,2RNSGpwEWiJvP,135,1,2,6,1040.66,80.97
812,812,ILCI_EBS_TestSite,10122,2RNSG906QRshk,134,1,3,6,1037.29,68.26
813,813,ILCI_EBS_TestSite,10122,2RNSGZXEPhhfC,133,1,4,6,1101.39,92.83
814,814,ILCI_EBS_TestSite,10122,2RNSGN8v7uFET,132,1,5,6,1106.38,63.02
815,815,ILCI_EBS_TestSite,10122,2RNSG5aCj3Qpx,131,1,6,6,1044.09,116.19
816,816,ILCI_EBS_TestSite,10122,2RNSG3TaWq0e1,236,2,7,6,917.86,80.36
817,817,ILCI_EBS_TestSite,10122,2RNSGknEU6tPg,235,2,8,6,1111.24,70.06
818,818,ILCI_EBS_TestSite,10122,2RNSGAUFviTQj,234,2,9,6,921.04,107.31
819,819,ILCI_EBS_TestSite,10122,2RNSG5C79WabI,233,2,10,6,999.57,102.48
820,820,ILCI_EBS_TestSite,10122,2RNSGDBfc51bE,232,2,11,6,957.5,82.81
821,821,ILCI_EBS_TestSite,10122,2RNSGLrkP989L,231,2,12,6,1118.52,86.25
822,822,ILCI_EBS_TestSite,10122,2RNSGLck9xigF,336,3,13,6,1193.38,79.03
823,823,ILCI_EBS_TestSite,10122,2RNSGpwEWiJvP,335,3,14,6,1075.14,105.72
824,824,ILCI_EBS_TestSite,10122,2RNSGLNJZalPm,334,3,15,6,996.79,66.31
825,825,ILCI_EBS_TestSite,10122,2RNSGGUzerCvu,333,3,16,6,1028.91,105.81
826,826,ILCI_EBS_TestSite,10122,2RNSGfHAxCkhN,332,3,17,6,930.83,96.45
827,827,ILCI_EBS_TestSite,10122,2RNSGDBfc51bE,331,3,18,6,1003.91,71.02
828,828,ILCI_EBS_TestSite,10122,2RNSGFWXXuujv,137,1,1,7,905.2,82.44
829,829,ILCI_EBS_TestSite,10122,2RNSGRsjcFW43,138,1,2,7,1031.29,83.75
830,830,ILCI_EBS_TestSite,10122,2RNSGMWOtL8WW,139,1,3,7,1135.26,101.52
831,831,ILCI_EBS_TestSite,10122,2RNSGgG4pvp4J,140,1,4,7,938.54,116.26
832,832,ILCI_EBS_TestSite,10122,2RNSGRT8qu25w,141,1,5,7,997.13,66.4
833,833,ILCI_EBS_TestSite,10122,2RNSGewwFbuKN,142,1,6,7,1007.02,95.76
834,834,ILCI_EBS_TestSite,10122,2RNSGePhsWzCV,237,2,7,7,1092.54,88.06
835,835,ILCI_EBS_TestSite,10122,2RNSG5aCj3Qpx,238,2,8,7,1069.53,92.04
836,836,ILCI_EBS_TestSite,10122,2RNSGricel258,239,2,9,7,1101.45,82.32
837,837,ILCI_EBS_TestSite,10122,2RNSGdvhWsSCl,240,2,10,7,1038.33,89.17
838,838,ILCI_EBS_TestSite,10122,2RNSGMWOtL8WW,241,2,11,7,1058.94,98.68
839,839,ILCI_EBS_TestSite,10122,2RNSGnUbDHEdz,242,2,12,7,1004.78,63.33
840,840,ILCI_EBS_TestSite,10122,2RNSGX3v2qYYg,337,3,13,7,1026.98,98.36
841,841,ILCI_EBS_TestSite,10122,2RNSGe8UzkKIe,338,3,14,7,1041.92,106.49
842,842,ILCI_EBS_TestSite,10122,2RNSGIC0KLPol,339,3,15,7,848.92,99.02
843,843,ILCI_EBS_TestSite,10122,2RNSGz7ATP0nS,340,3,16,7,1095.86,74.69
844,844,ILCI_EBS_TestSite,10122,2RNSGR5o4Whmx,341,3,17,7,975.6,78.17
845,845,ILCI_EBS_TestSite,10122,2RNSGknEU6tPg,342,3,18,7,1081.97,91.7
846,846,ILCI_EBS_TestSite,10122,2RNSGLrkP989L,148,1,1,8,1117.16,110.07
847,847,ILCI_EBS_TestSite,10122,2RNSGePhsWzCV,147,1,2,8,1072.85,99.75
848,848,ILCI_EBS_TestSite,10122,2RNSGnUbDHEdz,146,1,3,8,1103.23,96.77
849,849,ILCI_EBS_TestSite,10122,2RNSGmRhLFmqL,145,1,4,8,1035.84,85.44
850,850,ILCI_EBS_TestSite,10122,2RNSG0ZlBB2bD,144,1,5,8,1114.36,87.48
851,851,ILCI_EBS_TestSite,10122,2RNSG8G8tC8a5,143,1,6,8,1053.85,83.27
852,852,ILCI_EBS_TestSite,10122,2RNSGRT8qu25w,248,2,7,8,1069.87,62.19
853,853,ILCI_EBS_TestSite,10122,2RNSGHIYxOI4B,247,2,8,8,872.98,103.73
854,854,ILCI_EBS_TestSite,10122,2RNSG9oDI3naa,246,2,9,8,1083.54,69.99
855,855,ILCI_EBS_TestSite,10122,2RNSGewwFbuKN,245,2,10,8,1015.69,85.65
856,856,ILCI_EBS_TestSite,10122,2RNSGaZe2A0Ub,244,2,11,8,1132.2,65.01
857,857,ILCI_EBS_TestSite,10122,2RNSGLck9xigF,243,2,12,8,1120.88,102.05
858,858,ILCI_EBS_TestSite,10122,2RNSG2mpxDNcT,348,3,13,8,1158.24,87.26
859,859,ILCI_EBS_TestSite,10122,2RNSGjbd4y8st,347,3,14,8,932.73,85.31
860,860,ILCI_EBS_TestSite,10122,2RNSGN8v7uFET,346,3,15,8,1203.36,111.32
861,861,ILCI_EBS_TestSite,10122,2RNSG5e7xvEsK,345,3,16,8,945.57,73.15
862,862,ILCI_EBS_TestSite,10122,2RNSGaZe2A0Ub,344,3,17,8,1162.41,71.81
863,863,ILCI_EBS_TestSite,10122,2RNSGUyjKZPcV,343,3,18,8,1152.06,91.71
864,864,ILCI_EBS_TestSite,10122,2RNSGjbd4y8st,149,1,1,9,899.97,85.56
865,865,ILCI_EBS_TestSite,10122,2RNSGSiMwno2Z,150,1,2,9,1094.22,70.23
866,866,ILCI_EBS_TestSite,10122,2RNSGDBfc51bE,151,1,3,9,1005.89,100.13
867,867,ILCI_EBS_TestSite,10122,2RNSGX3v2qYYg,152,1,4,9,1118.79,90.45
868,868,ILCI_EBS_TestSite,10122,2RNSGtIpUXySs,153,1,5,9,1069.42,79.05
869,869,ILCI_EBS_TestSite,10122,2RNSGIC0KLPol,154,1,6,9,931.82,84.68
870,870,ILCI_EBS_TestSite,10122,2RNSGHtyLtCRQ,249,2,7,9,1187.08,79.11
871,871,ILCI_EBS_TestSite,10122,2RNSGe8UzkKIe,250,2,8,9,1057.38,54.48
872,872,ILCI_EBS_TestSite,10122,2RNSGTCntlER9,251,2,9,9,1064.33,64.76
873,873,ILCI_EBS_TestSite,10122,2RNSGSiMwno2Z,252,2,10,9,1129.69,82.28
874,874,ILCI_EBS_TestSite,10122,2RNSGjbd4y8st,253,2,11,9,899.69,84.35
875,875,ILCI_EBS_TestSite,10122,2RNSGzX8owVWQ,254,2,12,9,1256.14,67.54
876,876,ILCI_EBS_TestSite,10122,2RNSGFWXXuujv,349,3,13,9,1011.45,104.47
877,877,ILCI_EBS_TestSite,10122,2RNSG906QRshk,350,3,14,9,1148.5,59.45
878,878,ILCI_EBS_TestSite,10122,2RNSGRT8qu25w,351,3,15,9,1067.43,70.09
879,879,ILCI_EBS_TestSite,10122,2RNSG4kquIbra,352,3,16,9,1075.14,125.71
880,880,ILCI_EBS_TestSite,10122,2RNSGHtyLtCRQ,353,3,17,9,1199.18,95.64
881,881,ILCI_EBS_TestSite,10122,2RNSGRPANXshB,354,3,18,9,972.84,78.18
882,882,ILCI_EBS_TestSite,10122,2RNSGGUzerCvu,160,1,1,10,1033.79,84.68
883,883,ILCI_EBS_TestSite,10122,2RNSG3TaWq0e1,159,1,2,10,948.42,101.74
884,884,ILCI_EBS_TestSite,10122,2RNSGjbujyRYx,158,1,3,10,1046.05,88.83
885,885,ILCI_EBS_TestSite,10122,2RNSGTCntlER9,157,1,4,10,1031.98,80.82
886,886,ILCI_EBS_TestSite,10122,2RNSGAUFviTQj,156,1,5,10,905.49,95.21
887,887,ILCI_EBS_TestSite,10122,2RNSGYBRrXjHw,155,1,6,10,1108.28,104.23
888,888,ILCI_EBS_TestSite,10122,2RNSGpwEWiJvP,260,2,7,10,1021.3,78.39
889,889,ILCI_EBS_TestSite,10122,2RNSGYBRrXjHw,259,2,8,10,1132.35,60.25
890,890,ILCI_EBS_TestSite,10122,2RNSGRPANXshB,258,2,9,10,913.91,92.21
891,891,ILCI_EBS_TestSite,10122,2RNSGN8v7uFET,257,2,10,10,1125.88,73.8
892,892,ILCI_EBS_TestSite,10122,2RNSGIC0KLPol,256,2,11,10,858.59,92.76
893,893,ILCI_EBS_TestSite,10122,2RNSG5e7xvEsK,255,2,12,10,910.76,99.05
894,894,ILCI_EBS_TestSite,10122,2RNSG3TaWq0e1,360,3,13,10,1009.39,57.58
895,895,ILCI_EBS_TestSite,10122,2RNSG8G8tC8a5,359,3,14,10,1071.59,81.7
896,896,ILCI_EBS_TestSite,10122,2RNSGfXn5MFeW,358,3,15,10,988.94,103.48
897,897,ILCI_EBS_TestSite,10122,2RNSGnUbDHEdz,357,3,16,10,1129.88,84.85
898,898,ILCI_EBS_TestSite,10122,2RNSGgG4pvp4J,356,3,17,10,999,76.39
899,899,ILCI_EBS_TestSite,10122,2RNSGmRhLFmqL,355,3,18,10,1033.07,79.53
900,900,ILCI_Deep_Zero,10122,2RNSGWzAhrJ65,101,1,1,1,1100.81,99.65
901,901,ILCI_Deep_Zero,10122,2RNSGN8v7uFET,102,1,2,1,1183.46,108.53
902,902,ILCI_Deep_Zero,10122,2RNSGgG4pvp4J,103,1,3,1,1018.73,106.06
903,903,ILCI_Deep_Zero,10122,2RNSGmRhLFmqL,104,1,4,1,1100.93,96.71
904,904,ILCI_Deep_Zero,10122,2RNSGfXn5MFeW,105,1,5,1,1017.06,90.39
905,905,ILCI_Deep_Zero,10122,2RNSGR5o4Whmx,106,1,6,1,999.15,94.03
906,906,ILCI_Deep_Zero,10122,2RNSGIC0KLPol,201,2,7,1,931.37,97.09
907,907,ILCI_Deep_Zero,10122,2RNSGZXEPhhfC,202,2,8,1,1134.82,105.93
908,908,ILCI_Deep_Zero,10122,2RNSGUwRFGPSQ,203,2,9,1,1199.08,106.27
909,909,ILCI_Deep_Zero,10122,2RNSGGUzerCvu,204,2,10,1,1038.22,83.1
910,910,ILCI_Deep_Zero,10122,2RNSGWzAhrJ65,205,2,11,1,1155.2,86.89
911,911,ILCI_Deep_Zero,10122,2RNSGfXn5MFeW,206,2,12,1,1019.12,94.94
912,912,ILCI_Deep_Zero,10122,2RNSGDkwtg3uR,301,3,13,1,983.2,75.55
913,913,ILCI_Deep_Zero,10122,2RNSGMWOtL8WW,302,3,14,1,1081.81,78.57
914,914,ILCI_Deep_Zero,10122,2RNSGYBRrXjHw,303,3,15,1,1086.61,107.69
915,915,ILCI_Deep_Zero,10122,2RNSGe8UzkKIe,304,3,16,1,1035.78,85.8
916,916,ILCI_Deep_Zero,10122,2RNSGaZe2A0Ub,305,3,17,1,1167.45,100.3
917,917,ILCI_Deep_Zero,10122,2RNSG0zMqxChH,306,3,18,1,1060.82,105.08
918,918,ILCI_Deep_Zero,10122,2RNSGe8UzkKIe,112,1,1,2,1056.6,97.03
919,919,ILCI_Deep_Zero,10122,2RNSGzX8owVWQ,111,1,2,2,1182.03,88.48
920,920,ILCI_Deep_Zero,10122,2RNSGUyjKZPcV,110,1,3,2,1128.99,100.62
921,921,ILCI_Deep_Zero,10122,2RNSGpwEWiJvP,109,1,4,2,1040.53,84.85
922,922,ILCI_Deep_Zero,10122,2RNSG0zMqxChH,108,1,5,2,1088.5,119.56
923,923,ILCI_Deep_Zero,10122,2RNSGYBRrXjHw,107,1,6,2,1091.2,78.07
924,924,ILCI_Deep_Zero,10122,2RNSGLrkP989L,212,2,7,2,1141.69,92.56
925,925,ILCI_Deep_Zero,10122,2RNSGTCntlER9,211,2,8,2,1056.55,102.62
926,926,ILCI_Deep_Zero,10122,2RNSG0ZlBB2bD,210,2,9,2,1058.71,86.57
927,927,ILCI_Deep_Zero,10122,2RNSG2mpxDNcT,209,2,10,2,1104.14,63.74
928,928,ILCI_Deep_Zero,10122,2RNSGR5o4Whmx,208,2,11,2,1024.47,110.84
929,929,ILCI_Deep_Zero,10122,2RNSGewwFbuKN,207,2,12,2,1067.49,85.33
930,930,ILCI_Deep_Zero,10122,2RNSGKBESy1CA,312,3,13,2,733.34,92.14
931,931,ILCI_Deep_Zero,10122,2RNSGLNJZalPm,311,3,14,2,987.54,92.57
932,932,ILCI_Deep_Zero,10122,2RNSGdvhWsSCl,310,3,15,2,1061.5,76.25
933,933,ILCI_Deep_Zero,10122,2RNSGtIpUXySs,309,3,16,2,1030.39,79.87
934,934,ILCI_Deep_Zero,10122,2RNSGZXEPhhfC,308,3,17,2,1044.34,107.25
935,935,ILCI_Deep_Zero,10122,2RNSGUyjKZPcV,307,3,18,2,1120.39,90.38
936,936,ILCI_Deep_Zero,10122,2RNSGSiMwno2Z,113,1,1,3,1107.47,103.43
937,937,ILCI_Deep_Zero,10122,2RNSGLNJZalPm,114,1,2,3,963.14,96.33
938,938,ILCI_Deep_Zero,10122,2RNSGknEU6tPg,115,1,3,3,1102.21,93.01
939,939,ILCI_Deep_Zero,10122,2RNSGdvhWsSCl,116,1,4,3,1073.38,112.22
940,940,ILCI_Deep_Zero,10122,2RNSGePhsWzCV,117,1,5,3,1140.18,115.48
941,941,ILCI_Deep_Zero,10122,2RNSGdf13ostf,118,1,6,3,837.99,83.69
942,942,ILCI_Deep_Zero,10122,2RNSGX3v2qYYg,213,2,7,3,1100.39,93.02
943,943,ILCI_Deep_Zero,10122,2RNSG5e7xvEsK,214,2,8,3,980.81,56.95
944,944,ILCI_Deep_Zero,10122,2RNSG4kquIbra,215,2,9,3,1059.24,101.38
945,945,ILCI_Deep_Zero,10122,2RNSGIxa4GsN3,216,2,10,3,981.87,77.65
946,946,ILCI_Deep_Zero,10122,2RNSGMWOtL8WW,217,2,11,3,1140.49,121.39
947,947,ILCI_Deep_Zero,10122,2RNSG0zMqxChH,218,2,12,3,1115.56,96.75
948,948,ILCI_Deep_Zero,10122,2RNSGR5o4Whmx,313,3,13,3,1037.36,94.16
949,949,ILCI_Deep_Zero,10122,2RNSGIxa4GsN3,314,3,14,3,1032.52,106.49
950,950,ILCI_Deep_Zero,10122,2RNSG8G8tC8a5,315,3,15,3,1029.61,107.01
951,951,ILCI_Deep_Zero,10122,2RNSGWzAhrJ65,316,3,16,3,1053.36,80.05
952,952,ILCI_Deep_Zero,10122,2RNSGEXIoEFps,317,3,17,3,996.23,96.5
953,953,ILCI_Deep_Zero,10122,2RNSGsWD8kzYU,318,3,18,3,1029.69,79
954,954,ILCI_Deep_Zero,10122,2RNSGUwRFGPSQ,124,1,1,4,1217.64,72.64
955,955,ILCI_Deep_Zero,10122,2RNSGRPANXshB,123,1,2,4,975.59,105.46
956,956,ILCI_Deep_Zero,10122,2RNSGewwFbuKN,122,1,3,4,1044.2,119.34
957,957,ILCI_Deep_Zero,10122,2RNSGricel258,121,1,4,4,1213.3,87.98
958,958,ILCI_Deep_Zero,10122,2RNSG5aCj3Qpx,120,1,5,4,1081.95,69.7
959,959,ILCI_Deep_Zero,10122,2RNSGjbujyRYx,119,1,6,4,1049.01,83.84
960,960,ILCI_Deep_Zero,10122,2RNSGN8v7uFET,224,2,7,4,1216.18,75.99
961,961,ILCI_Deep_Zero,10122,2RNSGfHAxCkhN,223,2,8,4,915.58,96
962,962,ILCI_Deep_Zero,10122,2RNSGDkwtg3uR,222,2,9,4,1033.65,95.07
963,963,ILCI_Deep_Zero,10122,2RNSGHtyLtCRQ,221,2,10,4,1167.71,86.57
964,964,ILCI_Deep_Zero,10122,2RNSGjbd4y8st,220,2,11,4,938.89,84.33
965,965,ILCI_Deep_Zero,10122,2RNSGzX8owVWQ,219,2,12,4,1258.26,67.54
966,966,ILCI_Deep_Zero,10122,2RNSGGUzerCvu,324,3,13,4,1043.8,67.17
967,967,ILCI_Deep_Zero,10122,2RNSG2mpxDNcT,323,3,14,4,1082.01,83.15
968,968,ILCI_Deep_Zero,10122,2RNSGzX8owVWQ,322,3,15,4,1204.47,86.98
969,969,ILCI_Deep_Zero,10122,2RNSGz7ATP0nS,321,3,16,4,1058.47,69.53
970,970,ILCI_Deep_Zero,10122,2RNSGLck9xigF,320,3,17,4,1147.95,109.04
971,971,ILCI_Deep_Zero,10122,2RNSG5aCj3Qpx,319,3,18,4,1097.91,110.63
972,972,ILCI_Deep_Zero,10122,2RNSGLrkP989L,125,1,1,5,1083.97,102.49
973,973,ILCI_Deep_Zero,10122,2RNSGFWXXuujv,126,1,2,5,943,66.68
974,974,ILCI_Deep_Zero,10122,2RNSGDkwtg3uR,127,1,3,5,1028.99,95.54
975,975,ILCI_Deep_Zero,10122,2RNSGRT8qu25w,128,1,4,5,1037.47,105.69
976,976,ILCI_Deep_Zero,10122,2RNSGz7ATP0nS,129,1,5,5,1125.25,98.05
977,977,ILCI_Deep_Zero,10122,2RNSGKBESy1CA,130,1,6,5,779.2,87.61
978,978,ILCI_Deep_Zero,10122,2RNSGpwEWiJvP,225,2,7,5,1083.14,71.98
979,979,ILCI_Deep_Zero,10122,2RNSGAUFviTQj,226,2,8,5,914.3,92.78
980,980,ILCI_Deep_Zero,10122,2RNSG9oDI3naa,227,2,9,5,1045.9,83.49
981,981,ILCI_Deep_Zero,10122,2RNSGEXIoEFps,228,2,10,5,1128.89,83.73
982,982,ILCI_Deep_Zero,10122,2RNSG8G8tC8a5,229,2,11,5,1084.41,81.4
983,983,ILCI_Deep_Zero,10122,2RNSGz7ATP0nS,230,2,12,5,1122.65,103.72
984,984,ILCI_Deep_Zero,10122,2RNSGAUFviTQj,325,3,13,5,928.24,80.15
985,985,ILCI_Deep_Zero,10122,2RNSGjbujyRYx,326,3,14,5,1069.89,99.36
986,986,ILCI_Deep_Zero,10122,2RNSGHIYxOI4B,327,3,15,5,851.04,90.64
987,987,ILCI_Deep_Zero,10122,2RNSGX3v2qYYg,328,3,16,5,1129.06,88.07
988,988,ILCI_Deep_Zero,10122,2RNSGTCntlER9,329,3,17,5,1123.01,84.33
989,989,ILCI_Deep_Zero,10122,2RNSGgG4pvp4J,330,3,18,5,1036.72,87
990,990,ILCI_Deep_Zero,10122,2RNSGfHAxCkhN,136,1,1,6,941.85,87.13
991,991,ILCI_Deep_Zero,10122,2RNSG0ZlBB2bD,135,1,2,6,1067.14,79.53
992,992,ILCI_Deep_Zero,10122,2RNSGLck9xigF,134,1,3,6,1163.14,134.72
993,993,ILCI_Deep_Zero,10122,2RNSGTCntlER9,133,1,4,6,994.6,89.08
994,994,ILCI_Deep_Zero,10122,2RNSGHtyLtCRQ,132,1,5,6,1160.66,95.22
995,995,ILCI_Deep_Zero,10122,2RNSGIC0KLPol,131,1,6,6,927.49,86.91
996,996,ILCI_Deep_Zero,10122,2RNSGojIDyrL2,236,2,7,6,757.79,91.31
997,997,ILCI_Deep_Zero,10122,2RNSGricel258,235,2,8,6,1185.22,92
998,998,ILCI_Deep_Zero,10122,2RNSGe8UzkKIe,234,2,9,6,1049.13,95.63
999,999,ILCI_Deep_Zero,10122,2RNSGdvhWsSCl,233,2,10,6,1138.41,102.54
1000,1000,ILCI_Deep_Zero,10122,2RNSGHIYxOI4B,232,2,11,6,838.92,133.45
1001,1001,ILCI_Deep_Zero,10122,2RNSGUyjKZPcV,231,2,12,6,1186.33,70.57
1002,1002,ILCI_Deep_Zero,10122,2RNSG906QRshk,336,3,13,6,1056.79,92.81
1003,1003,ILCI_Deep_Zero,10122,2RNSGmRhLFmqL,335,3,14,6,1003.36,90.29
1004,1004,ILCI_Deep_Zero,10122,2RNSGricel258,334,3,15,6,1153.98,70.71
1005,1005,ILCI_Deep_Zero,10122,2RNSG5C79WabI,333,3,16,6,1032.29,88.54
1006,1006,ILCI_Deep_Zero,10122,2RNSGdf13ostf,332,3,17,6,822.46,92.26
1007,1007,ILCI_Deep_Zero,10122,2RNSG0ZlBB2bD,331,3,18,6,1069.62,109.95
1008,1008,ILCI_Deep_Zero,10122,2RNSG906QRshk,137,1,1,7,1008.58,97.47
1009,1009,ILCI_Deep_Zero,10122,2RNSGDBfc51bE,138,1,2,7,957.86,114.19
1010,1010,ILCI_Deep_Zero,10122,2RNSGHIYxOI4B,139,1,3,7,823.71,110.37
1011,1011,ILCI_Deep_Zero,10122,2RNSGGUzerCvu,140,1,4,7,1037.84,116.31
1012,1012,ILCI_Deep_Zero,10122,2RNSG4kquIbra,141,1,5,7,1031.92,75.32
1013,1013,ILCI_Deep_Zero,10122,2RNSG9oDI3naa,142,1,6,7,970.57,120.44
1014,1014,ILCI_Deep_Zero,10122,2RNSGknEU6tPg,237,2,7,7,1073.52,82.79
1015,1015,ILCI_Deep_Zero,10122,2RNSG5C79WabI,238,2,8,7,980.57,105.11
1016,1016,ILCI_Deep_Zero,10122,2RNSGmRhLFmqL,239,2,9,7,1024.96,98.7
1017,1017,ILCI_Deep_Zero,10122,2RNSGaZe2A0Ub,240,2,10,7,1137.15,91.92
1018,1018,ILCI_Deep_Zero,10122,2RNSGLNJZalPm,241,2,11,7,948.6,96.51
1019,1019,ILCI_Deep_Zero,10122,2RNSG5aCj3Qpx,242,2,12,7,1050.34,95.66
1020,1020,ILCI_Deep_Zero,10122,2RNSGIC0KLPol,337,3,13,7,832.01,106.02
1021,1021,ILCI_Deep_Zero,10122,2RNSGRT8qu25w,338,3,14,7,998.65,70.98
1022,1022,ILCI_Deep_Zero,10122,2RNSGePhsWzCV,339,3,15,7,1092.51,95.53
1023,1023,ILCI_Deep_Zero,10122,2RNSG5e7xvEsK,340,3,16,7,948.69,85.63
1024,1024,ILCI_Deep_Zero,10122,2RNSGDBfc51bE,341,3,17,7,940.88,133.56
1025,1025,ILCI_Deep_Zero,10122,2RNSGewwFbuKN,342,3,18,7,1012.19,102.42
1026,1026,ILCI_Deep_Zero,10122,2RNSGjbd4y8st,148,1,1,8,975.1,74.79
1027,1027,ILCI_Deep_Zero,10122,2RNSG8G8tC8a5,147,1,2,8,1043.69,116.3
1028,1028,ILCI_Deep_Zero,10122,2RNSG5e7xvEsK,146,1,3,8,950.12,90.58
1029,1029,ILCI_Deep_Zero,10122,2RNSGsWD8kzYU,145,1,4,8,1067.82,103.55
1030,1030,ILCI_Deep_Zero,10122,2RNSGEXIoEFps,144,1,5,8,1048.84,92.33
1031,1031,ILCI_Deep_Zero,10122,2RNSG5C79WabI,143,1,6,8,962.39,86.93
1032,1032,ILCI_Deep_Zero,10122,2RNSGSiMwno2Z,248,2,7,8,1162.29,80.53
1033,1033,ILCI_Deep_Zero,10122,2RNSGdf13ostf,247,2,8,8,835.28,86.69
1034,1034,ILCI_Deep_Zero,10122,2RNSGKBESy1CA,246,2,9,8,819.06,97.17
1035,1035,ILCI_Deep_Zero,10122,2RNSGRPANXshB,245,2,10,8,1007.52,76.56
1036,1036,ILCI_Deep_Zero,10122,2RNSGnUbDHEdz,244,2,11,8,1136.98,112.39
1037,1037,ILCI_Deep_Zero,10122,2RNSGtIpUXySs,243,2,12,8,1049.04,103.08
1038,1038,ILCI_Deep_Zero,10122,2RNSGHtyLtCRQ,348,3,13,8,1189.04,88.59
1039,1039,ILCI_Deep_Zero,10122,2RNSGojIDyrL2,347,3,14,8,787.18,100.19
1040,1040,ILCI_Deep_Zero,10122,2RNSG4kquIbra,346,3,15,8,1068.14,78.13
1041,1041,ILCI_Deep_Zero,10122,2RNSG9oDI3naa,345,3,16,8,1071.37,92.85
1042,1042,ILCI_Deep_Zero,10122,2RNSGLrkP989L,344,3,17,8,1143.44,92.28
1043,1043,ILCI_Deep_Zero,10122,2RNSGSiMwno2Z,343,3,18,8,1123.52,104.15
1044,1044,ILCI_Deep_Zero,10122,2RNSGojIDyrL2,149,1,1,9,814.09,87.22
1045,1045,ILCI_Deep_Zero,10122,2RNSGnUbDHEdz,150,1,2,9,1134.49,99.76
1046,1046,ILCI_Deep_Zero,10122,2RNSG2mpxDNcT,151,1,3,9,1118.64,121.56
1047,1047,ILCI_Deep_Zero,10122,2RNSGIxa4GsN3,152,1,4,9,978.56,117.29
1048,1048,ILCI_Deep_Zero,10122,2RNSGRsjcFW43,153,1,5,9,994.61,64.36
1049,1049,ILCI_Deep_Zero,10122,2RNSGtIpUXySs,154,1,6,9,1061.42,98.47
1050,1050,ILCI_Deep_Zero,10122,2RNSG3TaWq0e1,249,2,7,9,998.39,64.95
1051,1051,ILCI_Deep_Zero,10122,2RNSGYBRrXjHw,250,2,8,9,1210.35,89.13
1052,1052,ILCI_Deep_Zero,10122,2RNSGDBfc51bE,251,2,9,9,1004.83,80.64
1053,1053,ILCI_Deep_Zero,10122,2RNSG906QRshk,252,2,10,9,1092.61,81.93
1054,1054,ILCI_Deep_Zero,10122,2RNSGjbujyRYx,253,2,11,9,1074.45,92.02
1055,1055,ILCI_Deep_Zero,10122,2RNSGLck9xigF,254,2,12,9,1299.41,83.32
1056,1056,ILCI_Deep_Zero,10122,2RNSGknEU6tPg,349,3,13,9,1126.08,108.53
1057,1057,ILCI_Deep_Zero,10122,2RNSGRsjcFW43,350,3,14,9,1070.36,78.34
1058,1058,ILCI_Deep_Zero,10122,2RNSGFWXXuujv,351,3,15,9,1007.5,81.68
1059,1059,ILCI_Deep_Zero,10122,2RNSGfXn5MFeW,352,3,16,9,989.34,74.55
1060,1060,ILCI_Deep_Zero,10122,2RNSGUwRFGPSQ,353,3,17,9,1235.79,114.72
1061,1061,ILCI_Deep_Zero,10122,2RNSGpwEWiJvP,354,3,18,9,1073.45,95.12
1062,1062,ILCI_Deep_Zero,10122,2RNSGAUFviTQj,160,1,1,10,852.36,77.02
1063,1063,ILCI_Deep_Zero,10122,2RNSG3TaWq0e1,159,1,2,10,943.01,107.71
1064,1064,ILCI_Deep_Zero,10122,2RNSGZXEPhhfC,158,1,3,10,1071.16,93.35
1065,1065,ILCI_Deep_Zero,10122,2RNSGX3v2qYYg,157,1,4,10,1060.97,92.14
1066,1066,ILCI_Deep_Zero,10122,2RNSGMWOtL8WW,156,1,5,10,1097.36,98.65
1067,1067,ILCI_Deep_Zero,10122,2RNSGaZe2A0Ub,155,1,6,10,1068.84,110.39
1068,1068,ILCI_Deep_Zero,10122,2RNSGgG4pvp4J,260,2,7,10,953.72,104.89
1069,1069,ILCI_Deep_Zero,10122,2RNSGePhsWzCV,259,2,8,10,1098.69,80.93
1070,1070,ILCI_Deep_Zero,10122,2RNSGsWD8kzYU,258,2,9,10,1075.16,108.47
1071,1071,ILCI_Deep_Zero,10122,2RNSGFWXXuujv,257,2,10,10,944.2,96.1
1072,1072,ILCI_Deep_Zero,10122,2RNSGRT8qu25w,256,2,11,10,1074.2,103.62
1073,1073,ILCI_Deep_Zero,10122,2RNSGRsjcFW43,255,2,12,10,944.9,94.97
1074,1074,ILCI_Deep_Zero,10122,2RNSG3TaWq0e1,360,3,13,10,979.78,97.58
1075,1075,ILCI_Deep_Zero,10122,2RNSGN8v7uFET,359,3,14,10,1196.95,65.22
1076,1076,ILCI_Deep_Zero,10122,2RNSGfHAxCkhN,358,3,15,10,925.8,89.02
1077,1077,ILCI_Deep_Zero,10122,2RNSGjbd4y8st,357,3,16,10,966.22,52.71
1078,1078,ILCI_Deep_Zero,10122,2RNSGRPANXshB,356,3,17,10,966.38,136.15
1079,1079,ILCI_Deep_Zero,10122,2RNSGnUbDHEdz,355,3,18,10,1082.28,97.61
